Branch ,Product,Branch Product,Credit Limit - Good Score,Overdue Limit,Credit Limit - Bad Score,Branch
Mt_srivilliputhur,CTL,Mt_srivilliputhurCTL,300000,5000,300000,
Mt_pavoorchatram,CTL,Mt_pavoorchatramCTL,300000,5000,300000,
Degana,MTL R,DeganaMTL R,250000,0,200000,
Ichoda,MTL R,IchodaMTL R,300000,0,250000,
Omalur,MTL R,OmalurMTL R,300000,0,250000,
Nagarkurnool,MTL R,NagarkurnoolMTL R,300000,0,250000,
Amangal,MTL R,AmangalMTL R,300000,0,250000,
Mt_aruppukkottai,MTL R,Mt_aruppukkottaiMTL R,300000,0,250000,
Mt_mattakadai,CTL,Mt_mattakadaiCTL,300000,5000,300000,
Mt_cheranmahadevi,CTL,Mt_cheranmahadeviCTL,300000,5000,300000,
Mt_andipatti,CTL,Mt_andipattiCTL,300000,5000,300000,
Mt_palladam,MTL,Mt_palladamMTL,250000,0,225000,
Jangaon,MTL R,JangaonMTL R,300000,0,250000,
,CTL,TohanaCTL,250000,5000,250000,Tohana
Mt_kadayanallur,CTL,Mt_kadayanallurCTL,300000,5000,300000,
Mt_pudukkottai,CTL,Mt_pudukkottaiCTL,300000,5000,300000,
,IGL 2,MulIGL 2,250000,3000,200000,Mul
Tohana,IGL 2,TohanaIGL 2,250000,3000,200000,
Mt_pattukottai,CTL,Mt_pattukottaiCTL,300000,5000,300000,
Vilathikulam,IGL 1,VilathikulamIGL 1,250000,3000,225000,
Sholavandan,IGL 1,SholavandanIGL 1,250000,3000,225000,
Mayiladuthurai,IGL 1,MayiladuthuraiIGL 1,250000,3000,225000,
Watrap,IGL 1,WatrapIGL 1,250000,3000,225000,
Virudhunagar,IGL 1,VirudhunagarIGL 1,250000,3000,225000,
Chinnalapatti,IGL 2,ChinnalapattiIGL 2,300000,3000,250000,
Thiruthuraipoondi,IGL 1,ThiruthuraipoondiIGL 1,250000,3000,225000,
Nagapattinam,IGL 1,NagapattinamIGL 1,250000,3000,225000,
Mayiladuthurai,IGL 2,MayiladuthuraiIGL 2,300000,3000,250000,
Kadayam,IGL 1,KadayamIGL 1,250000,3000,225000,
Mannargudi,IGL 1,MannargudiIGL 1,250000,3000,225000,
Aralvaimozhi,IGL 1,AralvaimozhiIGL 1,250000,3000,225000,
Senkottai,IGL 1,SenkottaiIGL 1,250000,3000,225000,
Udankudi,IGL 1,UdankudiIGL 1,250000,3000,225000,
Eral,IGL 1,EralIGL 1,250000,3000,225000,
Kochadai,IGL 1,KochadaiIGL 1,250000,3000,225000,
Sankarankovil,IGL 1,SankarankovilIGL 1,250000,3000,225000,
Palayamkottai,IGL 1,PalayamkottaiIGL 1,250000,3000,225000,
Kadaladi,IGL 1,KadaladiIGL 1,250000,3000,225000,
Pettai,IGL 1,PettaiIGL 1,250000,3000,225000,
Thiruverumbur,IGL 1,ThiruverumburIGL 1,250000,3000,225000,
Ramanathapuram,IGL 1,RamanathapuramIGL 1,250000,3000,225000,
Usilampatti,MTL,UsilampattiMTL,250000,0,225000,
Rameshwaram,IGL 1,RameshwaramIGL 1,250000,3000,225000,
Alanganallur,IGL 1,AlanganallurIGL 1,250000,3000,225000,
Tuticorin,IGL 1,TuticorinIGL 1,250000,3000,225000,
Kangeyam,IGL 1,KangeyamIGL 1,250000,3000,225000,
Batlagundu,IGL 1,BatlagunduIGL 1,250000,3000,225000,
Kayathar,IGL 1,KayatharIGL 1,250000,3000,225000,
Othakadai,IGL 1,OthakadaiIGL 1,250000,3000,225000,
Sithurajapuram,IGL 1,SithurajapuramIGL 1,250000,3000,225000,
Alangulam,IGL 1,AlangulamIGL 1,250000,3000,225000,
Srivilliputhur,IGL 1,SrivilliputhurIGL 1,250000,3000,225000,
Kilakarai,IGL 1,KilakaraiIGL 1,250000,3000,225000,
Nagercoil,IGL 1,NagercoilIGL 1,250000,3000,225000,
Othakadai,IGL 2,OthakadaiIGL 2,300000,3000,250000,
Anjugiramam,IGL 1,AnjugiramamIGL 1,250000,3000,225000,
Udumalaipettai,IGL 1,UdumalaipettaiIGL 1,250000,3000,225000,
Paramakudi,IGL 1,ParamakudiIGL 1,250000,3000,225000,
Aruppukkottai,IGL 1,AruppukkottaiIGL 1,250000,3000,225000,
Pattukottai,CTL,PattukottaiCTL,300000,5000,300000,
Manamelkudi,MTL,ManamelkudiMTL,250000,0,225000,
Aruppukkottai,IGL 2,AruppukkottaiIGL 2,300000,3000,250000,
Sithurajapuram,IGL 2,SithurajapuramIGL 2,300000,3000,250000,
Kovilpatty,IGL 1,KovilpattyIGL 1,250000,3000,225000,
Pettai,IGL 2,PettaiIGL 2,300000,3000,250000,
Thingal nagar,IGL 1,Thingal nagarIGL 1,250000,3000,225000,
Srivilliputhur,IGL 2,SrivilliputhurIGL 2,300000,3000,250000,
Sivakasi,MTL,SivakasiMTL,250000,0,225000,
Theni,IGL 1,TheniIGL 1,250000,3000,225000,
Othakadai,MTL,OthakadaiMTL,250000,0,225000,
Ambasamudram,CTL,AmbasamudramCTL,300000,5000,300000,
Kayathar,MTL,KayatharMTL,250000,0,225000,
Vilathikulam,MTL,VilathikulamMTL,250000,0,225000,
Vilathikulam,IGL 2,VilathikulamIGL 2,300000,3000,250000,
Kovilpatty,MTL,KovilpattyMTL,250000,0,225000,
Pudukkottai,IGL 2,PudukkottaiIGL 2,300000,3000,250000,
Rameshwaram,IGL 2,RameshwaramIGL 2,300000,3000,250000,
Thiruvarur,IGL 2,ThiruvarurIGL 2,300000,3000,250000,
Veeravanallur,IGL 1,VeeravanallurIGL 1,250000,3000,225000,
Kangeyam,IGL 2,KangeyamIGL 2,300000,3000,250000,
Sivakasi,IGL 2,SivakasiIGL 2,300000,3000,250000,
Usilampatti,IGL 2,UsilampattiIGL 2,300000,3000,250000,
Watrap,MTL,WatrapMTL,250000,0,225000,
Manamelkudi,CTL,ManamelkudiCTL,300000,5000,300000,
Theni,IGL 2,TheniIGL 2,300000,3000,250000,
Ramanathapuram,MTL,RamanathapuramMTL,250000,0,225000,
Singampunari,IGL 2,SingampunariIGL 2,300000,3000,250000,
Alanganallur,MTL,AlanganallurMTL,250000,0,225000,
Mt_sivakasi,CTL,Mt_sivakasiCTL,300000,5000,300000,
Mt_rameshwaram,CTL,Mt_rameshwaramCTL,300000,5000,300000,
Orathanadu,CTL,OrathanaduCTL,300000,5000,300000,
Barapali,CTL,BarapaliCTL,250000,5000,250000,
Bhatapara,CTL,BhataparaCTL,250000,5000,250000,
Mt_manamelkudi,CTL,Mt_manamelkudiCTL,300000,5000,300000,
,IGL 2,ChennurIGL 2,300000,3000,250000,Chennur
Kanakapura,MTL R,KanakapuraMTL R,300000,0,250000,
Indi,IGL 1,IndiIGL 1,250000,3000,225000,
Baihar,IGL 1,BaiharIGL 1,200000,3000,175000,
Pakhanjur,IGL 1,PakhanjurIGL 1,200000,3000,175000,
Bichhiya,IGL 1,BichhiyaIGL 1,200000,3000,175000,
Georai,IGL 2,GeoraiIGL 2,250000,3000,200000,
Nanjangudu,IGL 2,NanjanguduIGL 2,300000,3000,250000,
Ballari,MTL R,BallariMTL R,300000,0,250000,
Malavalli,IGL 1,MalavalliIGL 1,250000,3000,225000,
Belagavi,IGL 1,BelagaviIGL 1,250000,3000,225000,
Vijayraghavgarh,IGL 1,VijayraghavgarhIGL 1,200000,3000,175000,
Suriya,IGL 1,SuriyaIGL 1,200000,3000,175000,
Kalaburagi,IGL 2,KalaburagiIGL 2,300000,3000,250000,
Karwi,IGL 1,KarwiIGL 1,200000,3000,175000,
Khagaria,IGL 1,KhagariaIGL 1,200000,3000,175000,
Triveniganj,IGL 2,TriveniganjIGL 2,250000,3000,200000,
Haveri,IGL 1,HaveriIGL 1,250000,3000,225000,
Nanjangudu,IGL 1,NanjanguduIGL 1,250000,3000,225000,
Gundlupet,IGL 1,GundlupetIGL 1,250000,3000,225000,
Semiliguda,IGL 2,SemiligudaIGL 2,250000,3000,200000,
Hagaribommanahalli,MTL,HagaribommanahalliMTL,250000,0,225000,
Hd kote,IGL 1,Hd koteIGL 1,250000,3000,225000,
Channarayapattana,IGL 2,ChannarayapattanaIGL 2,300000,3000,250000,
Dharwad,IGL 1,DharwadIGL 1,250000,3000,225000,
Kumbakonam,IGL 1,KumbakonamIGL 1,250000,3000,225000,
Chikodi,IGL 1,ChikodiIGL 1,250000,3000,225000,
Muddebihal,MTL R,MuddebihalMTL R,300000,0,250000,
Georai,MTL R,GeoraiMTL R,250000,0,200000,
Chhatapur,IGL 2,ChhatapurIGL 2,250000,3000,200000,
Omerga,IGL 2,OmergaIGL 2,250000,3000,200000,
Daltonganj,IGL 2,DaltonganjIGL 2,250000,3000,200000,
Muthukulathur,IGL 1,MuthukulathurIGL 1,250000,3000,225000,
Chhapra,IGL 1,ChhapraIGL 1,200000,3000,175000,
Deogarh,IGL 1,DeogarhIGL 1,200000,3000,175000,
Runnisaidpur,IGL 2,RunnisaidpurIGL 2,250000,3000,200000,
Jhunjhunu,IGL 1,JhunjhunuIGL 1,200000,3000,175000,
Bichhiya,MTL R,BichhiyaMTL R,250000,0,200000,
Pollachi,IGL 1,PollachiIGL 1,250000,3000,225000,
Vijayraghavgarh,MTL,VijayraghavgarhMTL,200000,0,175000,
Raghunathpur,IGL 2,RaghunathpurIGL 2,250000,3000,200000,
Singhana,IGL 1,SinghanaIGL 1,200000,3000,175000,
Chhapara,IGL 1,ChhaparaIGL 1,200000,3000,175000,
Gogri jamalpur,IGL 1,Gogri jamalpurIGL 1,200000,3000,175000,
Mt_udankudi,IGL 1,Mt_udankudiIGL 1,250000,3000,225000,
Mt_tuticorin,IGL 1,Mt_tuticorinIGL 1,250000,3000,225000,
Mt_valliyur,IGL 1,Mt_valliyurIGL 1,250000,3000,225000,
Mandalgarh,IGL 1,MandalgarhIGL 1,200000,3000,175000,
Jangaon,IGL 1,JangaonIGL 1,250000,3000,225000,
Mt_arumuganeri,IGL 1,Mt_arumuganeriIGL 1,250000,3000,225000,
Ranebennur,MTL,RanebennurMTL,250000,0,225000,
Gokak,IGL 2,GokakIGL 2,300000,3000,250000,
Bagalkote,IGL 1,BagalkoteIGL 1,250000,3000,225000,
Mt_pettai,IGL 1,Mt_pettaiIGL 1,250000,3000,225000,
Hd kote,MTL R,Hd koteMTL R,300000,0,250000,
Santhemarahalli,MTL R,SanthemarahalliMTL R,300000,0,250000,
Mt_palayamkottai,IGL 1,Mt_palayamkottaiIGL 1,250000,3000,225000,
Banda,IGL 2,BandaIGL 2,250000,3000,200000,
Merta road,IGL 1,Merta roadIGL 1,200000,3000,175000,
Raipur,IGL 1,RaipurIGL 1,200000,3000,175000,
Pandharkawada,IGL 2,PandharkawadaIGL 2,250000,3000,200000,
Basavakalyan,IGL 2,BasavakalyanIGL 2,300000,3000,250000,
Hanamkonda,IGL 1,HanamkondaIGL 1,250000,3000,225000,
Deulgaon raja,MTL R,Deulgaon rajaMTL R,250000,0,200000,
Samastipur,IGL 2,SamastipurIGL 2,250000,3000,200000,
Indi,MTL R,IndiMTL R,300000,0,250000,
Honnalli,MTL,HonnalliMTL,250000,0,225000,
Nanpara,IGL 2,NanparaIGL 2,250000,3000,200000,
Manwath,IGL 2,ManwathIGL 2,250000,3000,200000,
Bhanjanagar,IGL 2,BhanjanagarIGL 2,250000,3000,200000,
Kundam,IGL 2,KundamIGL 2,250000,3000,200000,
Chatra,IGL 2,ChatraIGL 2,250000,3000,200000,
Santhemarahalli,IGL 1,SanthemarahalliIGL 1,250000,3000,225000,
K r pete,MTL R,K r peteMTL R,300000,0,250000,
Chikodi,IGL 2,ChikodiIGL 2,300000,3000,250000,
Maharajganj,IGL 2,MaharajganjIGL 2,250000,3000,200000,
Mahua,IGL 2,MahuaIGL 2,250000,3000,200000,
Rath,IGL 2,RathIGL 2,250000,3000,200000,
Haveri,IGL 2,HaveriIGL 2,300000,3000,250000,
Osian,IGL 1,OsianIGL 1,200000,3000,175000,
Ramtek,IGL 2,RamtekIGL 2,250000,3000,200000,
Laheriasarai,IGL 2,LaheriasaraiIGL 2,250000,3000,200000,
Wadsa,IGL 2,WadsaIGL 2,250000,3000,200000,
Aurangabad,IGL 2,AurangabadIGL 2,250000,3000,200000,
Parola,IGL 1,ParolaIGL 1,200000,3000,175000,
Nanded,IGL 2,NandedIGL 2,250000,3000,200000,
Balangir,IGL 2,BalangirIGL 2,250000,3000,200000,
Alangudi,IGL 2,AlangudiIGL 2,300000,3000,250000,
Chakia,IGL 2,ChakiaIGL 2,250000,3000,200000,
Basmat,IGL 2,BasmatIGL 2,250000,3000,200000,
Belagavi,IGL 2,BelagaviIGL 2,300000,3000,250000,
Mt_pudukkottai,IGL 1,Mt_pudukkottaiIGL 1,250000,3000,225000,
Raxaul,IGL 2,RaxaulIGL 2,250000,3000,200000,
Hadgaon,IGL 2,HadgaonIGL 2,250000,3000,200000,
Chittaguppa,IGL 2,ChittaguppaIGL 2,300000,3000,250000,
Bhalki,IGL 2,BhalkiIGL 2,300000,3000,250000,
Umred,IGL 2,UmredIGL 2,250000,3000,200000,
Warora,IGL 2,WaroraIGL 2,250000,3000,200000,
Baihar,IGL 2,BaiharIGL 2,250000,3000,200000,
Jamui,IGL 2,JamuiIGL 2,250000,3000,200000,
Kodala,IGL 2,KodalaIGL 2,250000,3000,200000,
Gondia,IGL 2,GondiaIGL 2,250000,3000,200000,
Forbesganj,IGL 2,ForbesganjIGL 2,250000,3000,200000,
Umranala,IGL 2,UmranalaIGL 2,250000,3000,200000,
Kumbakonam,IGL 2,KumbakonamIGL 2,300000,3000,250000,
Dhamdha,IGL 2,DhamdhaIGL 2,250000,3000,200000,
Palani,IGL 2,PalaniIGL 2,300000,3000,250000,
Santhemarahalli,IGL 2,SanthemarahalliIGL 2,300000,3000,250000,
Jankia,IGL 2,JankiaIGL 2,250000,3000,200000,
Pratappur,IGL 2,PratappurIGL 2,250000,3000,200000,
Kamakhyanagar,IGL 2,KamakhyanagarIGL 2,250000,3000,200000,
Ramanathapura,IGL 2,RamanathapuraIGL 2,300000,3000,250000,
Adilabad,IGL 2,AdilabadIGL 2,300000,3000,250000,
Parola,IGL 2,ParolaIGL 2,250000,3000,200000,
Mahoba,IGL 2,MahobaIGL 2,250000,3000,200000,
Paramathi velur,IGL 2,Paramathi velurIGL 2,300000,3000,250000,
Pollachi,IGL 2,PollachiIGL 2,300000,3000,250000,
Rosera,IGL 2,RoseraIGL 2,250000,3000,200000,
Pachora,IGL 2,PachoraIGL 2,250000,3000,200000,
Kamareddy,IGL 2,KamareddyIGL 2,300000,3000,250000,
Majorganj,IGL 2,MajorganjIGL 2,250000,3000,200000,
Harraiya,IGL 2,HarraiyaIGL 2,250000,3000,200000,
Hinjilicut,IGL 2,HinjilicutIGL 2,250000,3000,200000,
Hisar,IGL 2,HisarIGL 2,250000,3000,200000,
Mt_thingal nagar,IGL 2,Mt_thingal nagarIGL 2,300000,3000,250000,
Mt_kilakarai,IGL 2,Mt_kilakaraiIGL 2,300000,3000,250000,
Mt_thiruppathur,IGL 2,Mt_thiruppathurIGL 2,300000,3000,250000,
Mt_kayathar,IGL 2,Mt_kayatharIGL 2,300000,3000,250000,
Bhanpuri,IGL 2,BhanpuriIGL 2,250000,3000,200000,
Mt_cheranmahadevi,IGL 2,Mt_cheranmahadeviIGL 2,300000,3000,250000,
Patan,IGL 2,PatanIGL 2,250000,3000,200000,
Mt_chinnalapatti,IGL 2,Mt_chinnalapattiIGL 2,300000,3000,250000,
Mt_batlagundu,IGL 2,Mt_batlagunduIGL 2,300000,3000,250000,
Mt_nagercoil,IGL 2,Mt_nagercoilIGL 2,300000,3000,250000,
Mt_manamelkudi,IGL 2,Mt_manamelkudiIGL 2,300000,3000,250000,
Bihariganj,IGL 2,BihariganjIGL 2,250000,3000,200000,
Dhamdaha,IGL 1,DhamdahaIGL 1,200000,3000,175000,
Mt_thirunagar,IGL 1,Mt_thirunagarIGL 1,250000,3000,225000,
Sahibganj,IGL 2,SahibganjIGL 2,250000,3000,200000,
Mt_watrap,MTL,Mt_watrapMTL,250000,0,225000,
Tohana,IGL 1,TohanaIGL 1,200000,3000,175000,
Adaspur,IGL 1,AdaspurIGL 1,200000,3000,175000,
Mt_thiruppathur,IGL 1,Mt_thiruppathurIGL 1,250000,3000,225000,
Mul,IGL 1,MulIGL 1,200000,3000,175000,
Shadnagar,IGL 1,ShadnagarIGL 1,250000,3000,225000,
Vijayraghavgarh,IGL 2,VijayraghavgarhIGL 2,250000,3000,200000,
Georai,MTL,GeoraiMTL,200000,0,175000,
Jagdalpur,IGL 2,JagdalpurIGL 2,250000,3000,200000,
Mt_tharuvai,IGL 1,Mt_tharuvaiIGL 1,250000,3000,225000,
Sedam,IGL 1,SedamIGL 1,250000,3000,225000,
Gadchandur,MTL R,GadchandurMTL R,250000,0,200000,
Moth,IGL 2,MothIGL 2,250000,3000,200000,
Korba,MTL R,KorbaMTL R,250000,0,200000,
Kanti,IGL 2,KantiIGL 2,250000,3000,200000,
Phulparas,IGL 2,PhulparasIGL 2,250000,3000,200000,
Umred,MTL R,UmredMTL R,250000,0,200000,
Mt_manamelkudi,IGL 1,Mt_manamelkudiIGL 1,250000,3000,225000,
Mt_kadayam,IGL 1,Mt_kadayamIGL 1,250000,3000,225000,
Pathalgaon,MTL,PathalgaonMTL,200000,0,175000,
Goverdhan,IGL 1,GoverdhanIGL 1,200000,3000,175000,
Raghunathpur,IGL 1,RaghunathpurIGL 1,200000,3000,175000,
Dhamdha,MTL R,DhamdhaMTL R,250000,0,200000,
Akhada balapur,IGL 2,Akhada balapurIGL 2,250000,3000,200000,
Jintur,IGL 2,JinturIGL 2,250000,3000,200000,
Chalisgaon,IGL 2,ChalisgaonIGL 2,250000,3000,200000,
Shahapur,IGL 2,ShahapurIGL 2,250000,3000,200000,
Gadchandur,IGL 2,GadchandurIGL 2,250000,3000,200000,
Barela,IGL 2,BarelaIGL 2,250000,3000,200000,
Yavatmal,IGL 2,YavatmalIGL 2,250000,3000,200000,
Rampur baghelan,IGL 2,Rampur baghelanIGL 2,250000,3000,200000,
Holenarasipura,IGL 2,HolenarasipuraIGL 2,300000,3000,250000,
Nittur,IGL 2,NitturIGL 2,300000,3000,250000,
Rampur naikin,IGL 2,Rampur naikinIGL 2,250000,3000,200000,
Pakhanjur,IGL 2,PakhanjurIGL 2,250000,3000,200000,
Mt_valliyur,IGL 2,Mt_valliyurIGL 2,300000,3000,250000,
Mt_virudhunagar,IGL 2,Mt_virudhunagarIGL 2,300000,3000,250000,
Mt_kovilpatty,IGL 2,Mt_kovilpattyIGL 2,300000,3000,250000,
Mt_kadaladi,IGL 2,Mt_kadaladiIGL 2,300000,3000,250000,
Harur,IGL 2,HarurIGL 2,300000,3000,250000,
Nagarkurnool,IGL 2,NagarkurnoolIGL 2,300000,3000,250000,
Mt_anjugiramam,IGL 1,Mt_anjugiramamIGL 1,250000,3000,225000,
Motihari,IGL 2,MotihariIGL 2,250000,3000,200000,
Chhattarpur,IGL 2,ChhattarpurIGL 2,250000,3000,200000,
Teghra,IGL 2,TeghraIGL 2,250000,3000,200000,
Innyat nagar,IGL 2,Innyat nagarIGL 2,250000,3000,200000,
Balia,IGL 2,BaliaIGL 2,250000,3000,200000,
Samastipur,IGL 1,SamastipurIGL 1,200000,3000,175000,
Jamkhandi,MTL,JamkhandiMTL,250000,0,225000,
Manapparai,IGL 1,ManapparaiIGL 1,250000,3000,225000,
Sira,MTL R,SiraMTL R,300000,0,250000,
Shadnagar,MTL,ShadnagarMTL,250000,0,225000,
Mt_alanganallur,IGL 2,Mt_alanganallurIGL 2,300000,3000,250000,
Basavakalyan,MTL,BasavakalyanMTL,250000,0,225000,
Dharwad,MTL R,DharwadMTL R,300000,0,250000,
Sattur,MTL,SatturMTL,250000,0,225000,
Hisar,IGL 1,HisarIGL 1,200000,3000,175000,
Maharajganj,IGL 1,MaharajganjIGL 1,200000,3000,175000,
Ranebennur,IGL 1,RanebennurIGL 1,250000,3000,225000,
Forbesganj,IGL 1,ForbesganjIGL 1,200000,3000,175000,
Viluppuram,IGL 1,ViluppuramIGL 1,250000,3000,225000,
Balia,IGL 1,BaliaIGL 1,200000,3000,175000,
Raxaul,IGL 1,RaxaulIGL 1,200000,3000,175000,
Mt_kangeyam,IGL 2,Mt_kangeyamIGL 2,300000,3000,250000,
Mt_othakadai,IGL 2,Mt_othakadaiIGL 2,300000,3000,250000,
Mt_chinnamanur,IGL 2,Mt_chinnamanurIGL 2,300000,3000,250000,
Basti,IGL 1,BastiIGL 1,200000,3000,175000,
Sonbarsa,IGL 2,SonbarsaIGL 2,250000,3000,200000,
Gawan,IGL 2,GawanIGL 2,250000,3000,200000,
Lakhisarai,IGL 2,LakhisaraiIGL 2,250000,3000,200000,
Karur,IGL 2,KarurIGL 2,300000,3000,250000,
Suriya,IGL 2,SuriyaIGL 2,250000,3000,200000,
Bhiwani,IGL 2,BhiwaniIGL 2,250000,3000,200000,
Karaikudi,IGL 2,KaraikudiIGL 2,300000,3000,250000,
Tirumangalam,IGL 2,TirumangalamIGL 2,300000,3000,250000,
Mt_narimedu,IGL 2,Mt_narimeduIGL 2,300000,3000,250000,
Mt_ambasamudram,IGL 2,Mt_ambasamudramIGL 2,300000,3000,250000,
Mt_singampunari,IGL 2,Mt_singampunariIGL 2,300000,3000,250000,
Mt_palayamkottai,IGL 2,Mt_palayamkottaiIGL 2,300000,3000,250000,
Mt_mattakadai,IGL 2,Mt_mattakadaiIGL 2,300000,3000,250000,
Mt_senkottai,IGL 2,Mt_senkottaiIGL 2,300000,3000,250000,
Mt_thiruppuvanam,IGL 2,Mt_thiruppuvanamIGL 2,300000,3000,250000,
Mt_arumuganeri,IGL 2,Mt_arumuganeriIGL 2,300000,3000,250000,
Mt_aruppukkottai,IGL 2,Mt_aruppukkottaiIGL 2,300000,3000,250000,
Mt_kochadai,IGL 2,Mt_kochadaiIGL 2,300000,3000,250000,
Mt_udankudi,IGL 2,Mt_udankudiIGL 2,300000,3000,250000,
Mt_ramanathapuram,IGL 2,Mt_ramanathapuramIGL 2,300000,3000,250000,
Mt_thiruthuraipoondi,IGL 2,Mt_thiruthuraipoondiIGL 2,300000,3000,250000,
Palladam,IGL 2,PalladamIGL 2,300000,3000,250000,
Mt_anjugiramam,IGL 2,Mt_anjugiramamIGL 2,300000,3000,250000,
Mt_mayiladuthurai,IGL 2,Mt_mayiladuthuraiIGL 2,300000,3000,250000,
Mt_sholavandan,IGL 2,Mt_sholavandanIGL 2,300000,3000,250000,
Mt_alangulam,IGL 2,Mt_alangulamIGL 2,300000,3000,250000,
Mt_kadayam,IGL 2,Mt_kadayamIGL 2,300000,3000,250000,
Mt_tuticorin,IGL 2,Mt_tuticorinIGL 2,300000,3000,250000,
Mt_puliyangudi,IGL 2,Mt_puliyangudiIGL 2,300000,3000,250000,
Mt_pettai,IGL 2,Mt_pettaiIGL 2,300000,3000,250000,
Mt_veeravanallur,IGL 2,Mt_veeravanallurIGL 2,300000,3000,250000,
Mt_nagapattinam,IGL 2,Mt_nagapattinamIGL 2,300000,3000,250000,
Mt_pudukkottai,IGL 2,Mt_pudukkottaiIGL 2,300000,3000,250000,
Mt_kadayanallur,IGL 2,Mt_kadayanallurIGL 2,300000,3000,250000,
Mt_theni,IGL 2,Mt_theniIGL 2,300000,3000,250000,
Mt_mannargudi,IGL 2,Mt_mannargudiIGL 2,300000,3000,250000,
Mt_thirunagar,IGL 2,Mt_thirunagarIGL 2,300000,3000,250000,
Vazhapadi,IGL 2,VazhapadiIGL 2,300000,3000,250000,
Manamadurai,IGL 2,ManamaduraiIGL 2,300000,3000,250000,
Mt_udumalaipettai,IGL 2,Mt_udumalaipettaiIGL 2,300000,3000,250000,
Khalilabad,IGL 2,KhalilabadIGL 2,250000,3000,200000,
Latehar,IGL 2,LateharIGL 2,250000,3000,200000,
Mt_cumbum,IGL 2,Mt_cumbumIGL 2,300000,3000,250000,
Mt_srivilliputhur,IGL 2,Mt_srivilliputhurIGL 2,300000,3000,250000,
Jhansi,IGL 2,JhansiIGL 2,250000,3000,200000,
Mt_watrap,IGL 2,Mt_watrapIGL 2,300000,3000,250000,
Mt_sankarankovil,IGL 2,Mt_sankarankovilIGL 2,300000,3000,250000,
Chhendipada,IGL 2,ChhendipadaIGL 2,250000,3000,200000,
Gondpipri,IGL 1,GondpipriIGL 1,200000,3000,175000,
Washim,IGL 1,WashimIGL 1,200000,3000,175000,
Bah,IGL 1,BahIGL 1,200000,3000,175000,
Bagalkote,MTL R,BagalkoteMTL R,300000,0,250000,
Narsampet,IGL 1,NarsampetIGL 1,250000,3000,225000,
Pataudi,IGL 1,PataudiIGL 1,200000,3000,175000,
Saiyan,IGL 1,SaiyanIGL 1,200000,3000,175000,
Peddapalli,IGL 1,PeddapalliIGL 1,250000,3000,225000,
Palladam,MTL R,PalladamMTL R,300000,0,250000,
Mt_andipatti,IGL 1,Mt_andipattiIGL 1,250000,3000,225000,
Pathalgaon,IGL 1,PathalgaonIGL 1,200000,3000,175000,
Sira,IGL 1,SiraIGL 1,250000,3000,225000,
Parola,MTL,ParolaMTL,200000,0,175000,
Hospet,IGL 2,HospetIGL 2,300000,3000,250000,
Vijayapura,MTL,VijayapuraMTL,250000,0,225000,
Mt_alanganallur,IGL 1,Mt_alanganallurIGL 1,250000,3000,225000,
Mt_usilampatti,IGL 1,Mt_usilampattiIGL 1,250000,3000,225000,
Rajapalayam,MTL R,RajapalayamMTL R,300000,0,250000,
Balrampur,IGL 1,BalrampurIGL 1,200000,3000,175000,
Mt_pavoorchatram,IGL 1,Mt_pavoorchatramIGL 1,250000,3000,225000,
Balangir,IGL 1,BalangirIGL 1,200000,3000,175000,
Bhatni,IGL 1,BhatniIGL 1,200000,3000,175000,
Gharghoda,IGL 1,GharghodaIGL 1,200000,3000,175000,
Balumath,IGL 2,BalumathIGL 2,250000,3000,200000,
Merta road,IGL 2,Merta roadIGL 2,250000,3000,200000,
Basti,IGL 2,BastiIGL 2,250000,3000,200000,
Pataudi,IGL 2,PataudiIGL 2,250000,3000,200000,
Pakribarawan,IGL 2,PakribarawanIGL 2,250000,3000,200000,
Sirsa,IGL 2,SirsaIGL 2,250000,3000,200000,
Sakri,IGL 2,SakriIGL 2,250000,3000,200000,
Gauri bazar,IGL 2,Gauri bazarIGL 2,250000,3000,200000,
Nilanga,IGL 2,NilangaIGL 2,250000,3000,200000,
Mt_mayiladuthurai,IGL 1,Mt_mayiladuthuraiIGL 1,250000,3000,225000,
Hagaribommanahalli,IGL 1,HagaribommanahalliIGL 1,250000,3000,225000,
Kolhui bazar,IGL 1,Kolhui bazarIGL 1,200000,3000,175000,
Bihariganj,IGL 1,BihariganjIGL 1,200000,3000,175000,
Amangal,IGL 1,AmangalIGL 1,250000,3000,225000,
Mahagama,IGL 2,MahagamaIGL 2,250000,3000,200000,
Rosera,IGL 1,RoseraIGL 1,200000,3000,175000,
Chinnasalem,IGL 1,ChinnasalemIGL 1,250000,3000,225000,
Bhupalpally,IGL 1,BhupalpallyIGL 1,250000,3000,225000,
Champa,IGL 1,ChampaIGL 1,200000,3000,175000,
Wadsa,IGL 1,WadsaIGL 1,200000,3000,175000,
Mahua,IGL 1,MahuaIGL 1,200000,3000,175000,
Yellandu,IGL 1,YellanduIGL 1,250000,3000,225000,
Mt_kadaladi,IGL 1,Mt_kadaladiIGL 1,250000,3000,225000,
Barharwa,IGL 1,BarharwaIGL 1,200000,3000,175000,
Melur,IGL 1,MelurIGL 1,250000,3000,225000,
Raver,IGL 2,RaverIGL 2,250000,3000,200000,
Jankia,IGL 1,JankiaIGL 1,200000,3000,175000,
Mt_sethur,IGL 1,Mt_sethurIGL 1,250000,3000,225000,
Raniganj,IGL 1,RaniganjIGL 1,200000,3000,175000,
Etah,IGL 1,EtahIGL 1,200000,3000,175000,
Basavakalyan,IGL 1,BasavakalyanIGL 1,250000,3000,225000,
Sasni,IGL 1,SasniIGL 1,200000,3000,175000,
Narkatiaganj,IGL 1,NarkatiaganjIGL 1,200000,3000,175000,
Lesliganj,IGL 1,LesliganjIGL 1,200000,3000,175000,
Sakri,IGL 1,SakriIGL 1,200000,3000,175000,
Mt_surandai,IGL 1,Mt_surandaiIGL 1,250000,3000,225000,
Mt_thingal nagar,IGL 1,Mt_thingal nagarIGL 1,250000,3000,225000,
Baheri,IGL 1,BaheriIGL 1,200000,3000,175000,
Marhaura,IGL 1,MarhauraIGL 1,200000,3000,175000,
Rajsamand,MTL,RajsamandMTL,200000,0,175000,
Gauri bazar,IGL 1,Gauri bazarIGL 1,200000,3000,175000,
Chalisgaon,IGL 1,ChalisgaonIGL 1,200000,3000,175000,
Lalitpur,IGL 2,LalitpurIGL 2,250000,3000,200000,
Banaso,IGL 2,BanasoIGL 2,250000,3000,200000,
Gomoh,IGL 2,GomohIGL 2,250000,3000,200000,
Godda,IGL 2,GoddaIGL 2,250000,3000,200000,
Barharwa,IGL 2,BarharwaIGL 2,250000,3000,200000,
Bhorey,IGL 2,BhoreyIGL 2,250000,3000,200000,
Deogarh,IGL 2,DeogarhIGL 2,250000,3000,200000,
Singhana,IGL 2,SinghanaIGL 2,250000,3000,200000,
Chandi,IGL 2,ChandiIGL 2,250000,3000,200000,
Rajsamand,IGL 2,RajsamandIGL 2,250000,3000,200000,
Govindpur,IGL 2,GovindpurIGL 2,250000,3000,200000,
Talbehat,IGL 2,TalbehatIGL 2,250000,3000,200000,
Khagaria,IGL 2,KhagariaIGL 2,250000,3000,200000,
Barhi,IGL 2,BarhiIGL 2,250000,3000,200000,
Robertsganj,IGL 2,RobertsganjIGL 2,250000,3000,200000,
Chhapra,IGL 2,ChhapraIGL 2,250000,3000,200000,
Kotpad,IGL 2,KotpadIGL 2,250000,3000,200000,
Orai,IGL 2,OraiIGL 2,250000,3000,200000,
Patori,IGL 2,PatoriIGL 2,250000,3000,200000,
Chandankiyari,IGL 2,ChandankiyariIGL 2,250000,3000,200000,
Lesliganj,IGL 2,LesliganjIGL 2,250000,3000,200000,
Gogri jamalpur,IGL 2,Gogri jamalpurIGL 2,250000,3000,200000,
Bahraich,IGL 2,BahraichIGL 2,250000,3000,200000,
Beawar,IGL 2,BeawarIGL 2,250000,3000,200000,
Titlahgarh,IGL 2,TitlahgarhIGL 2,250000,3000,200000,
Dholi,IGL 2,DholiIGL 2,250000,3000,200000,
Adaspur,IGL 2,AdaspurIGL 2,250000,3000,200000,
Garhwa,IGL 2,GarhwaIGL 2,250000,3000,200000,
Jamua,IGL 2,JamuaIGL 2,250000,3000,200000,
Mahnar,IGL 2,MahnarIGL 2,250000,3000,200000,
Narnaud,IGL 2,NarnaudIGL 2,250000,3000,200000,
Raniganj,IGL 2,RaniganjIGL 2,250000,3000,200000,
Karwi,IGL 2,KarwiIGL 2,250000,3000,200000,
Marhaura,IGL 2,MarhauraIGL 2,250000,3000,200000,
Jhunjhunu,IGL 2,JhunjhunuIGL 2,250000,3000,200000,
Barauli,IGL 2,BarauliIGL 2,250000,3000,200000,
Bhawnathpur,IGL 2,BhawnathpurIGL 2,250000,3000,200000,
Domchanch,IGL 2,DomchanchIGL 2,250000,3000,200000,
Baheri,IGL 2,BaheriIGL 2,250000,3000,200000,
Sujangarh,IGL 2,SujangarhIGL 2,250000,3000,200000,
Ayodhya,IGL 2,AyodhyaIGL 2,250000,3000,200000,
Bashkhari,IGL 2,BashkhariIGL 2,250000,3000,200000,
Renukoot,IGL 2,RenukootIGL 2,250000,3000,200000,
Dhenkanal,IGL 2,DhenkanalIGL 2,250000,3000,200000,
Itwa,IGL 2,ItwaIGL 2,250000,3000,200000,
Sikar,IGL 2,SikarIGL 2,250000,3000,200000,
Saharsa,IGL 2,SaharsaIGL 2,250000,3000,200000,
Asind,IGL 2,AsindIGL 2,250000,3000,200000,
Barapali,IGL 2,BarapaliIGL 2,250000,3000,200000,
Osian,IGL 2,OsianIGL 2,250000,3000,200000,
Mandalgarh,IGL 2,MandalgarhIGL 2,250000,3000,200000,
Japla,IGL 2,JaplaIGL 2,250000,3000,200000,
Dhamdaha,IGL 2,DhamdahaIGL 2,250000,3000,200000,
Raipur,IGL 2,RaipurIGL 2,250000,3000,200000,
Mahendragarh,IGL 2,MahendragarhIGL 2,250000,3000,200000,
Rajapalayam,IGL 2,RajapalayamIGL 2,300000,3000,250000,
Mt_tiruchendur,IGL 2,Mt_tiruchendurIGL 2,300000,3000,250000,
Mt_surandai,IGL 2,Mt_surandaiIGL 2,300000,3000,250000,
Mt_pavoorchatram,IGL 2,Mt_pavoorchatramIGL 2,300000,3000,250000,
Mt_thondi,IGL 2,Mt_thondiIGL 2,300000,3000,250000,
Mt_tharuvai,IGL 2,Mt_tharuvaiIGL 2,300000,3000,250000,
Mt_paramakudi,IGL 2,Mt_paramakudiIGL 2,300000,3000,250000,
Mt_sithurajapuram,IGL 2,Mt_sithurajapuramIGL 2,300000,3000,250000,
Mt_eral,IGL 2,Mt_eralIGL 2,300000,3000,250000,
Mt_usilampatti,IGL 2,Mt_usilampattiIGL 2,300000,3000,250000,
Mt_thisyanvillai,IGL 2,Mt_thisyanvillaiIGL 2,300000,3000,250000,
Mt_sethur,IGL 2,Mt_sethurIGL 2,300000,3000,250000,
Mt_pattukottai,IGL 2,Mt_pattukottaiIGL 2,300000,3000,250000,
Mt_aralvaimozhi,IGL 2,Mt_aralvaimozhiIGL 2,300000,3000,250000,
Mt_aranthangi,IGL 2,Mt_aranthangiIGL 2,300000,3000,250000,
Mehdawal,IGL 2,MehdawalIGL 2,250000,3000,200000,
Manapparai,IGL 2,ManapparaiIGL 2,300000,3000,250000,
Bagaha,IGL 2,BagahaIGL 2,250000,3000,200000,
Mt_andipatti,IGL 2,Mt_andipattiIGL 2,300000,3000,250000,
Natham,IGL 2,NathamIGL 2,300000,3000,250000,
Sheohar,IGL 2,SheoharIGL 2,250000,3000,200000,
Bhathat,IGL 2,BhathatIGL 2,250000,3000,200000,
Fatehabad,IGL 2,FatehabadIGL 2,250000,3000,200000,
Tamkuhiraj,IGL 2,TamkuhirajIGL 2,250000,3000,200000,
Degana,IGL 2,DeganaIGL 2,250000,3000,200000,
Uruwa bazar,IGL 2,Uruwa bazarIGL 2,250000,3000,200000,
Narkatiaganj,IGL 2,NarkatiaganjIGL 2,250000,3000,200000,
Khandapada,IGL 2,KhandapadaIGL 2,250000,3000,200000,
Tetri bazar,IGL 2,Tetri bazarIGL 2,250000,3000,200000,
Kolhui bazar,IGL 2,Kolhui bazarIGL 2,250000,3000,200000,
Bhatni,IGL 2,BhatniIGL 2,250000,3000,200000,
Kaptanganj,IGL 2,KaptanganjIGL 2,250000,3000,200000,
Madhepura,IGL 2,MadhepuraIGL 2,250000,3000,200000,
Mt_thiruverumbur,IGL 2,Mt_thiruverumburIGL 2,300000,3000,250000,
Orathanadu,IGL 2,OrathanaduIGL 2,300000,3000,250000,
Mehkar,IGL 2,MehkarIGL 2,250000,3000,200000,
Mt_thiruvarur,IGL 2,Mt_thiruvarurIGL 2,300000,3000,250000,
Mt_vilathikulam,IGL 2,Mt_vilathikulamIGL 2,300000,3000,250000,
Mt_rameshwaram,IGL 1,Mt_rameshwaramIGL 1,250000,3000,225000,
Kundam,MTL,KundamMTL,200000,0,175000,
Sarangarh,MTL R,SarangarhMTL R,250000,0,200000,
Sarangarh,CTL,SarangarhCTL,250000,5000,250000,
Ghoradongri,MTL R,GhoradongriMTL R,250000,0,200000,
Sidhipet,MTL,SidhipetMTL,250000,0,225000,
Mt_aruppukkottai,IGL 1,Mt_aruppukkottaiIGL 1,250000,3000,225000,
Rasipuram,MTL,RasipuramMTL,250000,0,225000,
Sausar,MTL R,SausarMTL R,250000,0,200000,
Sengaon,MTL R,SengaonMTL R,250000,0,200000,
Ghoradongri,MTL,GhoradongriMTL,200000,0,175000,
Deori,IGL 2,DeoriIGL 2,250000,3000,200000,
Lanji,MTL R,LanjiMTL R,250000,0,200000,
Umred,MTL,UmredMTL,200000,0,175000,
Mt_thiruverumbur,IGL 1,Mt_thiruverumburIGL 1,250000,3000,225000,
Kamakhyanagar,MTL R,KamakhyanagarMTL R,250000,0,200000,
Umred,IGL 1,UmredIGL 1,200000,3000,175000,
Ramtek,IGL 1,RamtekIGL 1,200000,3000,175000,
Kinwat,MTL R,KinwatMTL R,250000,0,200000,
Jagdalpur,MTL R,JagdalpurMTL R,250000,0,200000,
Kalaburagi,MTL R,KalaburagiMTL R,300000,0,250000,
New ramnagar,IGL 1,New ramnagarIGL 1,200000,3000,175000,
Patan,MTL,PatanMTL,200000,0,175000,
Saoner,MTL R,SaonerMTL R,250000,0,200000,
Hospet,MTL R,HospetMTL R,300000,0,250000,
Latur,MTL R,LaturMTL R,250000,0,200000,
Ramtek,MTL R,RamtekMTL R,250000,0,200000,
K r pete,MTL,K r peteMTL,250000,0,225000,
Omerga,IGL 1,OmergaIGL 1,200000,3000,175000,
Laxmeshwar,MTL R,LaxmeshwarMTL R,300000,0,250000,
Tuljapur,MTL,TuljapurMTL,200000,0,175000,
Dhenkanal,CTL,DhenkanalCTL,250000,5000,250000,
Omerga,MTL,OmergaMTL,200000,0,175000,
Georai,IGL 1,GeoraiIGL 1,200000,3000,175000,
Channagiri,IGL 1,ChannagiriIGL 1,250000,3000,225000,
Kulithalai,MTL,KulithalaiMTL,250000,0,225000,
Sidhi,MTL R,SidhiMTL R,250000,0,200000,
Mt_watrap,CTL,Mt_watrapCTL,300000,5000,300000,
Nagarkurnool,MTL,NagarkurnoolMTL,250000,0,225000,
Khagaznagar,MTL,KhagaznagarMTL,250000,0,225000,
Rampur naikin,MTL,Rampur naikinMTL,200000,0,175000,
Peddapalli,MTL,PeddapalliMTL,250000,0,225000,
Jangaon,MTL,JangaonMTL,250000,0,225000,
Ahmedpur,IGL 1,AhmedpurIGL 1,200000,3000,175000,
Aland,IGL 1,AlandIGL 1,250000,3000,225000,
Mehkar,MTL R,MehkarMTL R,250000,0,200000,
Balaghat,IGL 1,BalaghatIGL 1,200000,3000,175000,
Nittur,MTL R,NitturMTL R,300000,0,250000,
Kushtagi,MTL R,KushtagiMTL R,300000,0,250000,
Mohla,MTL R,MohlaMTL R,250000,0,200000,
Paithan,MTL R,PaithanMTL R,250000,0,200000,
Beawar,MTL R,BeawarMTL R,250000,0,200000,
Bhorey,IGL 1,BhoreyIGL 1,200000,3000,175000,
Umranala,IGL 1,UmranalaIGL 1,200000,3000,175000,
Barela,IGL 1,BarelaIGL 1,200000,3000,175000,
Gangakhed,MTL R,GangakhedMTL R,250000,0,200000,
Manwath,IGL 1,ManwathIGL 1,200000,3000,175000,
Manwath,MTL,ManwathMTL,200000,0,175000,
Mt_cheranmahadevi,IGL 1,Mt_cheranmahadeviIGL 1,250000,3000,225000,
Ahmedpur,MTL R,AhmedpurMTL R,250000,0,200000,
Badnapur,MTL R,BadnapurMTL R,250000,0,200000,
Hospet,IGL 1,HospetIGL 1,250000,3000,225000,
Yavatmal,IGL 1,YavatmalIGL 1,200000,3000,175000,
Ambad,IGL 2,AmbadIGL 2,250000,3000,200000,
Nanpara,IGL 1,NanparaIGL 1,200000,3000,175000,
Aland,IGL 2,AlandIGL 2,300000,3000,250000,
Adilabad,IGL 1,AdilabadIGL 1,250000,3000,225000,
Uruwa bazar,IGL 1,Uruwa bazarIGL 1,200000,3000,175000,
Kamareddy,MTL R,KamareddyMTL R,300000,0,250000,
Naigaon,IGL 2,NaigaonIGL 2,250000,3000,200000,
Balaghat,MTL R,BalaghatMTL R,250000,0,200000,
Srirangapatna,IGL 1,SrirangapatnaIGL 1,250000,3000,225000,
Paithan,IGL 2,PaithanIGL 2,250000,3000,200000,
Ichoda,IGL 2,IchodaIGL 2,300000,3000,250000,
Haveri,MTL R,HaveriMTL R,300000,0,250000,
Barhi,IGL 1,BarhiIGL 1,200000,3000,175000,
Jamkhandi,IGL 2,JamkhandiIGL 2,300000,3000,250000,
Sattur,IGL 2,SatturIGL 2,300000,3000,250000,
Chinnasalem,IGL 2,ChinnasalemIGL 2,300000,3000,250000,
Mancherial,IGL 2,MancherialIGL 2,300000,3000,250000,
Muthukulathur,IGL 2,MuthukulathurIGL 2,300000,3000,250000,
Khamgaon,IGL 2,KhamgaonIGL 2,250000,3000,200000,
Aurangabad,IGL 1,AurangabadIGL 1,200000,3000,175000,
Mt_nagapattinam,IGL 1,Mt_nagapattinamIGL 1,250000,3000,225000,
Khamgaon,IGL 1,KhamgaonIGL 1,200000,3000,175000,
Rajapalayam,IGL 1,RajapalayamIGL 1,250000,3000,225000,
Mt_mannargudi,IGL 1,Mt_mannargudiIGL 1,250000,3000,225000,
Mt_thiruthuraipoondi,IGL 1,Mt_thiruthuraipoondiIGL 1,250000,3000,225000,
Mahoba,IGL 1,MahobaIGL 1,200000,3000,175000,
Shikohabad,IGL 1,ShikohabadIGL 1,200000,3000,175000,
Nizamabad,CTL,NizamabadCTL,300000,5000,300000,
Raigarh,MTL,RaigarhMTL,200000,0,175000,
Lanji,IGL 2,LanjiIGL 2,250000,3000,200000,
Mt_mattakadai,IGL 1,Mt_mattakadaiIGL 1,250000,3000,225000,
Gariaband,MTL R,GariabandMTL R,250000,0,200000,
Gundlupet,IGL 2,GundlupetIGL 2,300000,3000,250000,
Ratanpur,IGL 2,RatanpurIGL 2,250000,3000,200000,
Tuljapur,IGL 2,TuljapurIGL 2,250000,3000,200000,
Gawan,IGL 1,GawanIGL 1,200000,3000,175000,
Sakri,MTL R,SakriMTL R,250000,0,200000,
Sujangarh,IGL 1,SujangarhIGL 1,200000,3000,175000,
Mt_ambasamudram,IGL 1,Mt_ambasamudramIGL 1,250000,3000,225000,
Bemetara,IGL 1,BemetaraIGL 1,200000,3000,175000,
Lalitpur,IGL 1,LalitpurIGL 1,200000,3000,175000,
Mt_nagercoil,IGL 1,Mt_nagercoilIGL 1,250000,3000,225000,
Pandharkawada,MTL R,PandharkawadaMTL R,250000,0,200000,
Champa,IGL 2,ChampaIGL 2,250000,3000,200000,
Balrampur,IGL 2,BalrampurIGL 2,250000,3000,200000,
Tirumangalam,MTL,TirumangalamMTL,250000,0,225000,
Mt_kayathar,IGL 1,Mt_kayatharIGL 1,250000,3000,225000,
Lakhisarai,IGL 1,LakhisaraiIGL 1,200000,3000,175000,
Koppal,MTL R,KoppalMTL R,300000,0,250000,
Karimnagar,IGL 1,KarimnagarIGL 1,250000,3000,225000,
Belagavi,MTL,BelagaviMTL,250000,0,225000,
Palladam,IGL 1,PalladamIGL 1,250000,3000,225000,
Kundam,MTL R,KundamMTL R,250000,0,200000,
Laxmeshwar,MTL,LaxmeshwarMTL,250000,0,225000,
Ambad,MTL,AmbadMTL,200000,0,175000,
Mt_thiruvarur,IGL 1,Mt_thiruvarurIGL 1,250000,3000,225000,
Adilabad,MTL,AdilabadMTL,250000,0,225000,
Haveri,MTL,HaveriMTL,250000,0,225000,
Birsinghpur,MTL R,BirsinghpurMTL R,250000,0,200000,
Beawar,IGL 1,BeawarIGL 1,200000,3000,175000,
Jagdalpur,IGL 1,JagdalpurIGL 1,200000,3000,175000,
Hangal,IGL 1,HangalIGL 1,250000,3000,225000,
Tuljapur,IGL 1,TuljapurIGL 1,200000,3000,175000,
Chennur,IGL 1,ChennurIGL 1,250000,3000,225000,
Jhansi,IGL 1,JhansiIGL 1,200000,3000,175000,
Patori,IGL 1,PatoriIGL 1,200000,3000,175000,
Robertsganj,IGL 1,RobertsganjIGL 1,200000,3000,175000,
Sidhipet,IGL 1,SidhipetIGL 1,250000,3000,225000,
Gadwal,IGL 1,GadwalIGL 1,250000,3000,225000,
Mt_puliyangudi,IGL 1,Mt_puliyangudiIGL 1,250000,3000,225000,
Barauli,IGL 1,BarauliIGL 1,200000,3000,175000,
Basna,IGL 1,BasnaIGL 1,200000,3000,175000,
Sirsa,IGL 1,SirsaIGL 1,200000,3000,175000,
Miryalaguda,IGL 1,MiryalagudaIGL 1,250000,3000,225000,
Sidhi,IGL 1,SidhiIGL 1,200000,3000,175000,
Palani,IGL 1,PalaniIGL 1,250000,3000,225000,
Lanji,IGL 1,LanjiIGL 1,200000,3000,175000,
Jagtial,IGL 1,JagtialIGL 1,250000,3000,225000,
Teghra,IGL 1,TeghraIGL 1,200000,3000,175000,
Laxmeshwar,IGL 1,LaxmeshwarIGL 1,250000,3000,225000,
Khalilabad,IGL 1,KhalilabadIGL 1,200000,3000,175000,
Asind,IGL 1,AsindIGL 1,200000,3000,175000,
Kalanwali,IGL 1,KalanwaliIGL 1,200000,3000,175000,
Chittaguppa,MTL R,ChittaguppaMTL R,300000,0,250000,
Triveniganj,IGL 1,TriveniganjIGL 1,200000,3000,175000,
Harraiya,IGL 1,HarraiyaIGL 1,200000,3000,175000,
Bhathat,IGL 1,BhathatIGL 1,200000,3000,175000,
Runnisaidpur,IGL 1,RunnisaidpurIGL 1,200000,3000,175000,
Katghora,IGL 1,KatghoraIGL 1,200000,3000,175000,
Bahraich,IGL 1,BahraichIGL 1,200000,3000,175000,
Pratappur,IGL 1,PratappurIGL 1,200000,3000,175000,
Pathalgaon,MTL R,PathalgaonMTL R,250000,0,200000,
Amangal,MTL,AmangalMTL,250000,0,225000,
Metpally,MTL,MetpallyMTL,250000,0,225000,
Sausar,CTL,SausarCTL,250000,5000,250000,
Bhandara,IGL 1,BhandaraIGL 1,200000,3000,175000,
Mt_ramanathapuram,IGL 1,Mt_ramanathapuramIGL 1,250000,3000,225000,
Chakia,IGL 1,ChakiaIGL 1,200000,3000,175000,
Ratanpur,MTL,RatanpurMTL,200000,0,175000,
Akhada balapur,CTL,Akhada balapurCTL,250000,5000,250000,
Nalgonda,MTL,NalgondaMTL,250000,0,225000,
Deulgaon raja,MTL,Deulgaon rajaMTL,200000,0,175000,
Singhana,MTL R,SinghanaMTL R,250000,0,200000,
Sattur,IGL 1,SatturIGL 1,250000,3000,225000,
Chinnasalem,MTL R,ChinnasalemMTL R,300000,0,250000,
Gangakhed,IGL 2,GangakhedIGL 2,250000,3000,200000,
Chalisgaon,MTL,ChalisgaonMTL,200000,0,175000,
Harur,MTL,HarurMTL,250000,0,225000,
Yavatmal,MTL,YavatmalMTL,200000,0,175000,
Bhupalpally,MTL,BhupalpallyMTL,250000,0,225000,
Kudligi,IGL 1,KudligiIGL 1,250000,3000,225000,
Nirmal,MTL,NirmalMTL,250000,0,225000,
Bhathat,CTL,BhathatCTL,250000,5000,250000,
Sausar,MTL,SausarMTL,200000,0,175000,
Asind,MTL R,AsindMTL R,250000,0,200000,
Sillod,MTL R,SillodMTL R,250000,0,200000,
Umranala,MTL R,UmranalaMTL R,250000,0,200000,
Mt_cumbum,IGL 1,Mt_cumbumIGL 1,250000,3000,225000,
Talbehat,IGL 1,TalbehatIGL 1,200000,3000,175000,
Raver,MTL,RaverMTL,200000,0,175000,
Birsinghpur,MTL,BirsinghpurMTL,200000,0,175000,
Jamua,IGL 1,JamuaIGL 1,200000,3000,175000,
K r nagara,IGL 2,K r nagaraIGL 2,300000,3000,250000,
Ambejogai,IGL 2,AmbejogaiIGL 2,250000,3000,200000,
Deulgaon raja,IGL 2,Deulgaon rajaIGL 2,250000,3000,200000,
Bhanupratappur,IGL 2,BhanupratappurIGL 2,250000,3000,200000,
Raigarh,IGL 2,RaigarhIGL 2,250000,3000,200000,
Shimoga,IGL 1,ShimogaIGL 1,250000,3000,225000,
Paithan,IGL 1,PaithanIGL 1,200000,3000,175000,
Sheohar,IGL 1,SheoharIGL 1,200000,3000,175000,
Tamkuhiraj,IGL 1,TamkuhirajIGL 1,200000,3000,175000,
Soraba,MTL R,SorabaMTL R,300000,0,250000,
Ambejogai,MTL R,AmbejogaiMTL R,250000,0,200000,
Saharsa,IGL 1,SaharsaIGL 1,200000,3000,175000,
Tetri bazar,IGL 1,Tetri bazarIGL 1,200000,3000,175000,
Warora,IGL 1,WaroraIGL 1,200000,3000,175000,
Gundlupet,MTL R,GundlupetMTL R,300000,0,250000,
Moth,IGL 1,MothIGL 1,200000,3000,175000,
Alangudi,IGL 1,AlangudiIGL 1,250000,3000,225000,
Dhenkanal,IGL 1,DhenkanalIGL 1,200000,3000,175000,
Raver,IGL 1,RaverIGL 1,200000,3000,175000,
Ayodhya,IGL 1,AyodhyaIGL 1,200000,3000,175000,
Rajnandgaon,MTL R,RajnandgaonMTL R,250000,0,200000,
Gariaband,MTL,GariabandMTL,200000,0,175000,
Kodala,MTL,KodalaMTL,200000,0,175000,
Dholi,IGL 1,DholiIGL 1,200000,3000,175000,
Khagaznagar,IGL 1,KhagaznagarIGL 1,250000,3000,225000,
Sira,IGL 2,SiraIGL 2,300000,3000,250000,
Rampur baghelan,MTL R,Rampur baghelanMTL R,250000,0,200000,
Soraba,MTL,SorabaMTL,250000,0,225000,
Mt_senkottai,IGL 1,Mt_senkottaiIGL 1,250000,3000,225000,
Vazhapadi,IGL 1,VazhapadiIGL 1,250000,3000,225000,
Jamkhandi,IGL 1,JamkhandiIGL 1,250000,3000,225000,
Mahnar,IGL 1,MahnarIGL 1,200000,3000,175000,
Shirpur,IGL 1,ShirpurIGL 1,200000,3000,175000,
K r nagara,IGL 1,K r nagaraIGL 1,250000,3000,225000,
Ghoradongri,IGL 2,GhoradongriIGL 2,250000,3000,200000,
Chhapara,IGL 2,ChhaparaIGL 2,250000,3000,200000,
Jintur,MTL R,JinturMTL R,250000,0,200000,
Gundlupet,MTL,GundlupetMTL,250000,0,225000,
Balaghat,IGL 2,BalaghatIGL 2,250000,3000,200000,
Nanjangudu,MTL R,NanjanguduMTL R,300000,0,250000,
Mohla,IGL 1,MohlaIGL 1,200000,3000,175000,
Koppal,IGL 2,KoppalIGL 2,300000,3000,250000,
Laxmeshwar,IGL 2,LaxmeshwarIGL 2,300000,3000,250000,
Bichhiya,IGL 2,BichhiyaIGL 2,250000,3000,200000,
Gangapur,IGL 2,GangapurIGL 2,250000,3000,200000,
Sindhanur,IGL 2,SindhanurIGL 2,300000,3000,250000,
Sirwar,IGL 2,SirwarIGL 2,300000,3000,250000,
Chitradurga,IGL 2,ChitradurgaIGL 2,300000,3000,250000,
Jangaon,IGL 2,JangaonIGL 2,300000,3000,250000,
Motihari,IGL 1,MotihariIGL 1,200000,3000,175000,
Birsinghpur,IGL 1,BirsinghpurIGL 1,200000,3000,175000,
Laheriasarai,IGL 1,LaheriasaraiIGL 1,200000,3000,175000,
Miryalaguda,MTL,MiryalagudaMTL,250000,0,225000,
Ballari,IGL 1,BallariIGL 1,250000,3000,225000,
Mt_singampunari,IGL 1,Mt_singampunariIGL 1,250000,3000,225000,
Kundam,IGL 1,KundamIGL 1,200000,3000,175000,
Latur,IGL 2,LaturIGL 2,250000,3000,200000,
Tirumangalam,IGL 1,TirumangalamIGL 1,250000,3000,225000,
Mt_thisyanvillai,IGL 1,Mt_thisyanvillaiIGL 1,250000,3000,225000,
Gadchandur,IGL 1,GadchandurIGL 1,200000,3000,175000,
Kinwat,IGL 1,KinwatIGL 1,200000,3000,175000,
Sidhi,IGL 2,SidhiIGL 2,250000,3000,200000,
Shimoga,IGL 2,ShimogaIGL 2,300000,3000,250000,
Malavalli,IGL 2,MalavalliIGL 2,300000,3000,250000,
Mt_aralvaimozhi,IGL 1,Mt_aralvaimozhiIGL 1,250000,3000,225000,
Narnaud,IGL 1,NarnaudIGL 1,200000,3000,175000,
Malavalli,MTL,MalavalliMTL,250000,0,225000,
Kanti,IGL 1,KantiIGL 1,200000,3000,175000,
Sujangarh,MTL,SujangarhMTL,200000,0,175000,
Holenarasipura,MTL,HolenarasipuraMTL,250000,0,225000,
Mt_vilathikulam,IGL 1,Mt_vilathikulamIGL 1,250000,3000,225000,
Katghora,IGL 2,KatghoraIGL 2,250000,3000,200000,
Sausar,IGL 1,SausarIGL 1,200000,3000,175000,
Sedam,MTL,SedamMTL,250000,0,225000,
Nirmal,IGL 1,NirmalIGL 1,250000,3000,225000,
Rath,IGL 1,RathIGL 1,200000,3000,175000,
Chatra,IGL 1,ChatraIGL 1,200000,3000,175000,
Basavakalyan,MTL R,BasavakalyanMTL R,300000,0,250000,
Sujangarh,MTL R,SujangarhMTL R,250000,0,200000,
Gadchandur,MTL,GadchandurMTL,200000,0,175000,
Mt_kochadai,IGL 1,Mt_kochadaiIGL 1,250000,3000,225000,
Chandankiyari,IGL 1,ChandankiyariIGL 1,200000,3000,175000,
Yavatmal,MTL R,YavatmalMTL R,250000,0,200000,
Mt_aranthangi,IGL 1,Mt_aranthangiIGL 1,250000,3000,225000,
Pachora,IGL 1,PachoraIGL 1,200000,3000,175000,
Bagalkote,MTL,BagalkoteMTL,250000,0,225000,
Sonbarsa,IGL 1,SonbarsaIGL 1,200000,3000,175000,
Korba,IGL 1,KorbaIGL 1,200000,3000,175000,
Gokak,IGL 1,GokakIGL 1,250000,3000,225000,
Osian,MTL,OsianMTL,200000,0,175000,
Srirangapatna,MTL,SrirangapatnaMTL,250000,0,225000,
Deori,MTL R,DeoriMTL R,250000,0,200000,
Kinwat,MTL,KinwatMTL,200000,0,175000,
Rampur baghelan,IGL 1,Rampur baghelanIGL 1,200000,3000,175000,
Gangapur,IGL 1,GangapurIGL 1,200000,3000,175000,
Banda,IGL 1,BandaIGL 1,200000,3000,175000,
Kaptanganj,IGL 1,KaptanganjIGL 1,200000,3000,175000,
Renukoot,IGL 1,RenukootIGL 1,200000,3000,175000,
Bashkhari,IGL 1,BashkhariIGL 1,200000,3000,175000,
Nalgonda,IGL 1,NalgondaIGL 1,250000,3000,225000,
Shorapur,IGL 1,ShorapurIGL 1,250000,3000,225000,
Mt_paramakudi,IGL 1,Mt_paramakudiIGL 1,250000,3000,225000,
Kolhui bazar,CTL,Kolhui bazarCTL,250000,5000,250000,
Paramathi velur,IGL 1,Paramathi velurIGL 1,250000,3000,225000,
Basmat,IGL 1,BasmatIGL 1,200000,3000,175000,
Sillod,IGL 1,SillodIGL 1,200000,3000,175000,
Rajnandgaon,IGL 2,RajnandgaonIGL 2,250000,3000,200000,
Badnapur,IGL 2,BadnapurIGL 2,250000,3000,200000,
Sedam,IGL 2,SedamIGL 2,300000,3000,250000,
Rasipuram,IGL 1,RasipuramIGL 1,250000,3000,225000,
Parola,CTL,ParolaCTL,250000,5000,250000,
Bhatapara,IGL 1,BhataparaIGL 1,200000,3000,175000,
Bhanupratappur,IGL 1,BhanupratappurIGL 1,200000,3000,175000,
Chittaguppa,IGL 1,ChittaguppaIGL 1,250000,3000,225000,
Nilanga,IGL 1,NilangaIGL 1,200000,3000,175000,
Mt_sivakasi,IGL 1,Mt_sivakasiIGL 1,250000,3000,225000,
Garhwa,IGL 1,GarhwaIGL 1,200000,3000,175000,
Rajnandgaon,MTL,RajnandgaonMTL,200000,0,175000,
Gomoh,IGL 1,GomohIGL 1,200000,3000,175000,
Partur,IGL 1,ParturIGL 1,200000,3000,175000,
Tirumangalam,CTL,TirumangalamCTL,300000,5000,300000,
Kamareddy,MTL,KamareddyMTL,250000,0,225000,
Itwa,IGL 1,ItwaIGL 1,200000,3000,175000,
Deulgaon raja,IGL 1,Deulgaon rajaIGL 1,200000,3000,175000,
Bagaha,IGL 1,BagahaIGL 1,200000,3000,175000,
Dharapuram,IGL 1,DharapuramIGL 1,250000,3000,225000,
Mt_narimedu,IGL 1,Mt_narimeduIGL 1,250000,3000,225000,
Fatehabad,IGL 1,FatehabadIGL 1,200000,3000,175000,
Kamareddy,IGL 1,KamareddyIGL 1,250000,3000,225000,
Pathalgaon,IGL 2,PathalgaonIGL 2,250000,3000,200000,
Rampur naikin,IGL 1,Rampur naikinIGL 1,200000,3000,175000,
Soraba,IGL 1,SorabaIGL 1,250000,3000,225000,
Khamgaon,MTL,KhamgaonMTL,200000,0,175000,
Gariaband,IGL 2,GariabandIGL 2,250000,3000,200000,
Sahibganj,IGL 1,SahibganjIGL 1,200000,3000,175000,
Dibai,IGL 1,DibaiIGL 1,200000,3000,175000,
Farah,IGL 1,FarahIGL 1,200000,3000,175000,
Omalur,IGL 1,OmalurIGL 1,250000,3000,225000,
Chinnasalem,MTL,ChinnasalemMTL,250000,0,225000,
Sarangarh,MTL,SarangarhMTL,200000,0,175000,
Rona,MTL,RonaMTL,250000,0,225000,
Naigaon,IGL 1,NaigaonIGL 1,200000,3000,175000,
Pakribarawan,IGL 1,PakribarawanIGL 1,200000,3000,175000,
Ambejogai,IGL 1,AmbejogaiIGL 1,200000,3000,175000,
Innyat nagar,IGL 1,Innyat nagarIGL 1,200000,3000,175000,
Umranala,MTL,UmranalaMTL,200000,0,175000,
Pachora,MTL,PachoraMTL,200000,0,175000,
Palladam,MTL,PalladamMTL,250000,0,225000,
Orathanadu,MTL,OrathanaduMTL,250000,0,225000,
Manapparai,MTL,ManapparaiMTL,250000,0,225000,
Honnalli,IGL 1,HonnalliIGL 1,250000,3000,225000,
Baihar,MTL R,BaiharMTL R,250000,0,200000,
Kudligi,MTL R,KudligiMTL R,300000,0,250000,
Hanamkonda,MTL,HanamkondaMTL,250000,0,225000,
Chikodi,MTL,ChikodiMTL,250000,0,225000,
Muthukulathur,MTL,MuthukulathurMTL,250000,0,225000,
Kumbakonam,MTL,KumbakonamMTL,250000,0,225000,
Bhupalpally,CTL,BhupalpallyCTL,300000,5000,300000,
Mt_virudhunagar,IGL 1,Mt_virudhunagarIGL 1,250000,3000,225000,
Warora,MTL R,WaroraMTL R,250000,0,200000,
Mt_tiruchendur,IGL 1,Mt_tiruchendurIGL 1,250000,3000,225000,
Orathanadu,IGL 1,OrathanaduIGL 1,250000,3000,225000,
Sakri,MTL,SakriMTL,200000,0,175000,
Domchanch,IGL 1,DomchanchIGL 1,200000,3000,175000,
Nanded,IGL 1,NandedIGL 1,200000,3000,175000,
Orai,CTL,OraiCTL,250000,5000,250000,
Sarangarh,IGL 1,SarangarhIGL 1,200000,3000,175000,
Kalaburagi,IGL 1,KalaburagiIGL 1,250000,3000,225000,
Nittur,IGL 1,NitturIGL 1,250000,3000,225000,
Barela,MTL R,BarelaMTL R,250000,0,200000,
Deogarh,MTL,DeogarhMTL,200000,0,175000,
Koppal,MTL,KoppalMTL,250000,0,225000,
Nanpara,CTL,NanparaCTL,250000,5000,250000,
Nirmal,MTL R,NirmalMTL R,300000,0,250000,
Omerga,MTL R,OmergaMTL R,250000,0,200000,
Chalisgaon,MTL R,ChalisgaonMTL R,250000,0,200000,
Sidhipet,IGL 2,SidhipetIGL 2,300000,3000,250000,
Titlahgarh,CTL,TitlahgarhCTL,250000,5000,250000,
Ahmedpur,IGL 2,AhmedpurIGL 2,250000,3000,200000,
Indi,IGL 2,IndiIGL 2,300000,3000,250000,
Akhada balapur,MTL,Akhada balapurMTL,200000,0,175000,
Mt_kovilpatty,IGL 1,Mt_kovilpattyIGL 1,250000,3000,225000,
Manwath,MTL R,ManwathMTL R,250000,0,200000,
Latehar,IGL 1,LateharIGL 1,200000,3000,175000,
Degana,IGL 1,DeganaIGL 1,200000,3000,175000,
Hangal,MTL,HangalMTL,250000,0,225000,
Bemetara,MTL,BemetaraMTL,200000,0,175000,
Singhana,MTL,SinghanaMTL,200000,0,175000,
Sira,CTL,SiraCTL,300000,5000,300000,
Jagdalpur,MTL,JagdalpurMTL,200000,0,175000,
Akhada balapur,MTL R,Akhada balapurMTL R,250000,0,200000,
Paithan,MTL,PaithanMTL,200000,0,175000,
Latur,MTL,LaturMTL,200000,0,175000,
Sengaon,MTL,SengaonMTL,200000,0,175000,
Kamakhyanagar,IGL 1,KamakhyanagarIGL 1,200000,3000,175000,
Pakhanjur,MTL,PakhanjurMTL,200000,0,175000,
Chittaguppa,MTL,ChittaguppaMTL,250000,0,225000,
Wadsa,MTL R,WadsaMTL R,250000,0,200000,
Hangal,MTL R,HangalMTL R,300000,0,250000,
Sirwar,MTL R,SirwarMTL R,300000,0,250000,
Srirangapatna,MTL R,SrirangapatnaMTL R,300000,0,250000,
Hospet,MTL,HospetMTL,250000,0,225000,
Pataudi,MTL,PataudiMTL,200000,0,175000,
Vijayraghavgarh,MTL R,VijayraghavgarhMTL R,250000,0,200000,
Shirpur,MTL R,ShirpurMTL R,250000,0,200000,
Mahagama,IGL 1,MahagamaIGL 1,200000,3000,175000,
Bagalkote,IGL 2,BagalkoteIGL 2,300000,3000,250000,
Pakhanjur,MTL R,PakhanjurMTL R,250000,0,200000,
Itwa,CTL,ItwaCTL,250000,5000,250000,
Dharwad,MTL,DharwadMTL,250000,0,225000,
Aurangabad,MTL,AurangabadMTL,200000,0,175000,
Mancherial,MTL,MancherialMTL,250000,0,225000,
Mahendragarh,IGL 1,MahendragarhIGL 1,200000,3000,175000,
Aland,MTL,AlandMTL,250000,0,225000,
Turuvekere,MTL R,TuruvekereMTL R,300000,0,250000,
Kushtagi,CTL,KushtagiCTL,300000,5000,300000,
Adilabad,MTL R,AdilabadMTL R,300000,0,250000,
Chhapara,MTL,ChhaparaMTL,200000,0,175000,
Ambad,CTL,AmbadCTL,250000,5000,250000,
Karaikudi,MTL,KaraikudiMTL,250000,0,225000,
Turuvekere,IGL 2,TuruvekereIGL 2,300000,3000,250000,
Raver,MTL R,RaverMTL R,250000,0,200000,
Kanakapura,IGL 1,KanakapuraIGL 1,250000,3000,225000,
Muddebihal,IGL 1,MuddebihalIGL 1,250000,3000,225000,
Akhada balapur,IGL 1,Akhada balapurIGL 1,200000,3000,175000,
Chandi,IGL 1,ChandiIGL 1,200000,3000,175000,
Dhamdha,IGL 1,DhamdhaIGL 1,200000,3000,175000,
Kundgol,MTL R,KundgolMTL R,300000,0,250000,
Sira,MTL,SiraMTL,250000,0,225000,
Gokak,MTL R,GokakMTL R,300000,0,250000,
Jamui,IGL 1,JamuiIGL 1,200000,3000,175000,
Hinjilicut,IGL 1,HinjilicutIGL 1,200000,3000,175000,
Ranebennur,MTL R,RanebennurMTL R,300000,0,250000,
Jagalur,IGL 1,JagalurIGL 1,250000,3000,225000,
Palani,MTL R,PalaniMTL R,300000,0,250000,
Ballari,IGL 2,BallariIGL 2,300000,3000,250000,
Mt_sithurajapuram,IGL 1,Mt_sithurajapuramIGL 1,250000,3000,225000,
Kumbakonam,MTL R,KumbakonamMTL R,300000,0,250000,
Kondagaon,MTL R,KondagaonMTL R,250000,0,200000,
Merta road,MTL R,Merta roadMTL R,250000,0,200000,
Khagaznagar,MTL R,KhagaznagarMTL R,300000,0,250000,
Kunkuri,IGL 2,KunkuriIGL 2,250000,3000,200000,
Metpally,IGL 1,MetpallyIGL 1,250000,3000,225000,
New ramnagar,MTL R,New ramnagarMTL R,250000,0,200000,
Ghatanji,MTL R,GhatanjiMTL R,250000,0,200000,
Mt_alangulam,IGL 1,Mt_alangulamIGL 1,250000,3000,225000,
Ghatanji,IGL 2,GhatanjiIGL 2,250000,3000,200000,
Kundgol,IGL 2,KundgolIGL 2,300000,3000,250000,
Khagaznagar,IGL 2,KhagaznagarIGL 2,300000,3000,250000,
Mohla,IGL 2,MohlaIGL 2,250000,3000,200000,
Nirmal,IGL 2,NirmalIGL 2,300000,3000,250000,
New ramnagar,IGL 2,New ramnagarIGL 2,250000,3000,200000,
Melur,IGL 2,MelurIGL 2,300000,3000,250000,
Rasipuram,IGL 2,RasipuramIGL 2,300000,3000,250000,
Sengaon,IGL 2,SengaonIGL 2,250000,3000,200000,
Muddebihal,IGL 2,MuddebihalIGL 2,300000,3000,250000,
Sausar,IGL 2,SausarIGL 2,250000,3000,200000,
Ranebennur,IGL 2,RanebennurIGL 2,300000,3000,250000,
Birsinghpur,IGL 2,BirsinghpurIGL 2,250000,3000,200000,
Hd kote,IGL 2,Hd koteIGL 2,300000,3000,250000,
Bhainsdehi,MTL R,BhainsdehiMTL R,250000,0,200000,
Ghatanji,IGL 1,GhatanjiIGL 1,200000,3000,175000,
Chhapara,MTL R,ChhaparaMTL R,250000,0,200000,
Jagalur,MTL,JagalurMTL,250000,0,225000,
Saoner,IGL 2,SaonerIGL 2,250000,3000,200000,
Sillod,IGL 2,SillodIGL 2,250000,3000,200000,
Gangavathi,IGL 2,GangavathiIGL 2,300000,3000,250000,
Bhainsdehi,IGL 2,BhainsdehiIGL 2,250000,3000,200000,
Sarangarh,IGL 2,SarangarhIGL 2,250000,3000,200000,
Nizamabad,IGL 2,NizamabadIGL 2,300000,3000,250000,
Kinwat,IGL 2,KinwatIGL 2,250000,3000,200000,
Rampur naikin,MTL R,Rampur naikinMTL R,250000,0,200000,
Basmat,MTL R,BasmatMTL R,250000,0,200000,
Nizamabad,MTL,NizamabadMTL,250000,0,225000,
Mt_sankarankovil,IGL 1,Mt_sankarankovilIGL 1,250000,3000,225000,
Mehdawal,IGL 1,MehdawalIGL 1,200000,3000,175000,
Paramathi velur,MTL,Paramathi velurMTL,250000,0,225000,
Lakhisarai,MTL,LakhisaraiMTL,200000,0,175000,
Barela,MTL,BarelaMTL,200000,0,175000,
Badnapur,IGL 1,BadnapurIGL 1,200000,3000,175000,
Dharapuram,IGL 2,DharapuramIGL 2,300000,3000,250000,
Gharghoda,IGL 2,GharghodaIGL 2,250000,3000,200000,
Hanamkonda,IGL 2,HanamkondaIGL 2,300000,3000,250000,
Viluppuram,IGL 2,ViluppuramIGL 2,300000,3000,250000,
Mangawan,MTL R,MangawanMTL R,250000,0,200000,
Madhepura,IGL 1,MadhepuraIGL 1,200000,3000,175000,
Chikodi,MTL R,ChikodiMTL R,300000,0,250000,
Shahapur,MTL R,ShahapurMTL R,250000,0,200000,
Rajapalayam,MTL,RajapalayamMTL,250000,0,225000,
Mt_chinnalapatti,IGL 1,Mt_chinnalapattiIGL 1,250000,3000,225000,
Mt_thiruppuvanam,IGL 1,Mt_thiruppuvanamIGL 1,250000,3000,225000,
Kushtagi,IGL 1,KushtagiIGL 1,250000,3000,225000,
Mt_pattukottai,IGL 1,Mt_pattukottaiIGL 1,250000,3000,225000,
Sindhanur,IGL 1,SindhanurIGL 1,250000,3000,225000,
Pandharkawada,IGL 1,PandharkawadaIGL 1,200000,3000,175000,
Chhendipada,IGL 1,ChhendipadaIGL 1,200000,3000,175000,
Bhanpuri,IGL 1,BhanpuriIGL 1,200000,3000,175000,
Nagarkurnool,IGL 1,NagarkurnoolIGL 1,250000,3000,225000,
Gangakhed,IGL 1,GangakhedIGL 1,200000,3000,175000,
Mt_watrap,IGL 1,Mt_watrapIGL 1,250000,3000,225000,
Raigarh,IGL 1,RaigarhIGL 1,200000,3000,175000,
Vijayapura,IGL 1,VijayapuraIGL 1,250000,3000,225000,
Bhawnathpur,IGL 1,BhawnathpurIGL 1,200000,3000,175000,
Mt_veeravanallur,IGL 1,Mt_veeravanallurIGL 1,250000,3000,225000,
Mt_kangeyam,IGL 1,Mt_kangeyamIGL 1,250000,3000,225000,
Bhandara,MTL R,BhandaraMTL R,250000,0,200000,
Champa,MTL R,ChampaMTL R,250000,0,200000,
Mt_chinnamanur,CTL,Mt_chinnamanurCTL,300000,5000,300000,
Mahendragarh,MTL,MahendragarhMTL,200000,0,175000,
Aurangabad,MTL R,AurangabadMTL R,250000,0,200000,
Mt_chinnamanur,IGL 1,Mt_chinnamanurIGL 1,250000,3000,225000,
Channarayapattana,MTL,ChannarayapattanaMTL,250000,0,225000,
Jintur,IGL 1,JinturIGL 1,200000,3000,175000,
Kamareddy,CTL,KamareddyCTL,300000,5000,300000,
Daltonganj,IGL 1,DaltonganjIGL 1,200000,3000,175000,
Naigaon,MTL R,NaigaonMTL R,250000,0,200000,
New ramnagar,MTL,New ramnagarMTL,200000,0,175000,
Karimnagar,MTL,KarimnagarMTL,250000,0,225000,
Shahapur,MTL,ShahapurMTL,200000,0,175000,
Saoner,MTL,SaonerMTL,200000,0,175000,
Ghoradongri,IGL 1,GhoradongriIGL 1,200000,3000,175000,
Bhalki,MTL R,BhalkiMTL R,300000,0,250000,
Karimnagar,MTL R,KarimnagarMTL R,300000,0,250000,
Sikar,MTL,SikarMTL,200000,0,175000,
Gondia,MTL R,GondiaMTL R,250000,0,200000,
Patan,MTL R,PatanMTL R,250000,0,200000,
Ghatanji,MTL,GhatanjiMTL,200000,0,175000,
Mt_usilampatti,MTL,Mt_usilampattiMTL,250000,0,225000,
Tirumangalam,MTL R,TirumangalamMTL R,300000,0,250000,
Tuljapur,MTL R,TuljapurMTL R,250000,0,200000,
Gangakhed,MTL,GangakhedMTL,200000,0,175000,
Peddapalli,MTL R,PeddapalliMTL R,300000,0,250000,
Bhainsdehi,MTL,BhainsdehiMTL,200000,0,175000,
Champa,MTL,ChampaMTL,200000,0,175000,
K r nagara,MTL,K r nagaraMTL,250000,0,225000,
Omalur,MTL,OmalurMTL,250000,0,225000,
Katghora,CTL,KatghoraCTL,250000,5000,250000,
Channarayapattana,IGL 1,ChannarayapattanaIGL 1,250000,3000,225000,
Deori,MTL,DeoriMTL,200000,0,175000,
Balrampur,MTL R,BalrampurMTL R,250000,0,200000,
Ratanpur,IGL 1,RatanpurIGL 1,200000,3000,175000,
Dhenkanal,MTL,DhenkanalMTL,200000,0,175000,
Korba,IGL 2,KorbaIGL 2,250000,3000,200000,
Keeranur,IGL 1,KeeranurIGL 1,250000,3000,225000,
Mangawan,IGL 1,MangawanIGL 1,200000,3000,175000,
Banaso,IGL 1,BanasoIGL 1,200000,3000,175000,
Kulithalai,IGL 1,KulithalaiIGL 1,250000,3000,225000,
Dharwad,IGL 2,DharwadIGL 2,300000,3000,250000,
Jagtial,IGL 2,JagtialIGL 2,300000,3000,250000,
Dhule,IGL 2,DhuleIGL 2,250000,3000,200000,
Bhandara,IGL 2,BhandaraIGL 2,250000,3000,200000,
Channagiri,IGL 2,ChannagiriIGL 2,300000,3000,250000,
Mandalgarh,MTL R,MandalgarhMTL R,250000,0,200000,
Malavalli,MTL R,MalavalliMTL R,300000,0,250000,
Hadgaon,MTL R,HadgaonMTL R,250000,0,200000,
K r pete,IGL 2,K r peteIGL 2,300000,3000,250000,
Mohla,MTL,MohlaMTL,200000,0,175000,
Dhule,IGL 1,DhuleIGL 1,200000,3000,175000,
Kanakapura,IGL 2,KanakapuraIGL 2,300000,3000,250000,
Mandalgarh,MTL,MandalgarhMTL,200000,0,175000,
Mt_udumalaipettai,IGL 1,Mt_udumalaipettaiIGL 1,250000,3000,225000,
Sattur,MTL R,SatturMTL R,300000,0,250000,
Orai,IGL 1,OraiIGL 1,200000,3000,175000,
Ichoda,IGL 1,IchodaIGL 1,250000,3000,225000,
Gariaband,IGL 1,GariabandIGL 1,200000,3000,175000,
Saoner,IGL 1,SaonerIGL 1,200000,3000,175000,
Mt_sholavandan,IGL 1,Mt_sholavandanIGL 1,250000,3000,225000,
Ambad,IGL 1,AmbadIGL 1,200000,3000,175000,
Khandapada,IGL 1,KhandapadaIGL 1,200000,3000,175000,
Karaikudi,IGL 1,KaraikudiIGL 1,250000,3000,225000,
Korba,MTL,KorbaMTL,200000,0,175000,
Mehkar,MTL,MehkarMTL,200000,0,175000,
Mt_batlagundu,IGL 1,Mt_batlagunduIGL 1,250000,3000,225000,
Vazhapadi,MTL R,VazhapadiMTL R,300000,0,250000,
Vazhapadi,MTL,VazhapadiMTL,250000,0,225000,
Ratanpur,MTL R,RatanpurMTL R,250000,0,200000,
Mangawan,MTL,MangawanMTL,200000,0,175000,
Dhule,MTL R,DhuleMTL R,250000,0,200000,
Hisar,MTL,HisarMTL,200000,0,175000,
Nanded,MTL R,NandedMTL R,250000,0,200000,
Kulithalai,MTL R,KulithalaiMTL R,300000,0,250000,
Natham,MTL R,NathamMTL R,300000,0,250000,
Bhiwani,MTL R,BhiwaniMTL R,250000,0,200000,
Balrampur,MTL,BalrampurMTL,200000,0,175000,
Raniganj,MTL,RaniganjMTL,200000,0,175000,
Natham,CTL,NathamCTL,300000,5000,300000,
Badnapur,MTL,BadnapurMTL,200000,0,175000,
Beawar,MTL,BeawarMTL,200000,0,175000,
Ramanathapura,MTL R,RamanathapuraMTL R,300000,0,250000,
Sikar,MTL R,SikarMTL R,250000,0,200000,
Patan,IGL 1,PatanIGL 1,200000,3000,175000,
Mt_srivilliputhur,IGL 1,Mt_srivilliputhurIGL 1,250000,3000,225000,
Mt_eral,IGL 1,Mt_eralIGL 1,250000,3000,225000,
Mt_kilakarai,IGL 1,Mt_kilakaraiIGL 1,250000,3000,225000,
Annur,IGL 2,AnnurIGL 2,300000,3000,250000,
Bhanjanagar,IGL 1,BhanjanagarIGL 1,200000,3000,175000,
Kushtagi,IGL 2,KushtagiIGL 2,300000,3000,250000,
Hagaribommanahalli,IGL 2,HagaribommanahalliIGL 2,300000,3000,250000,
Mangawan,IGL 2,MangawanIGL 2,250000,3000,200000,
Sattur,CTL,SatturCTL,300000,5000,300000,
Bhandara,MTL,BhandaraMTL,200000,0,175000,
Bhiwani,IGL 1,BhiwaniIGL 1,200000,3000,175000,
Gokak,MTL,GokakMTL,250000,0,225000,
Kundgol,IGL 1,KundgolIGL 1,250000,3000,225000,
Srirangapatna,IGL 2,SrirangapatnaIGL 2,300000,3000,250000,
Maddur,IGL 1,MaddurIGL 1,250000,3000,225000,
Majorganj,IGL 1,MajorganjIGL 1,200000,3000,175000,
Govindpur,IGL 1,GovindpurIGL 1,200000,3000,175000,
Sikar,IGL 1,SikarIGL 1,200000,3000,175000,
Mt_cumbum,MTL R,Mt_cumbumMTL R,300000,0,250000,
Santhemarahalli,MTL,SanthemarahalliMTL,250000,0,225000,
Natham,MTL,NathamMTL,250000,0,225000,
Palani,MTL,PalaniMTL,250000,0,225000,
Hagaribommanahalli,MTL R,HagaribommanahalliMTL R,300000,0,250000,
Phulparas,IGL 1,PhulparasIGL 1,200000,3000,175000,
Holenarasipura,MTL R,HolenarasipuraMTL R,300000,0,250000,
Annur,MTL R,AnnurMTL R,300000,0,250000,
Kanakapura,MTL,KanakapuraMTL,250000,0,225000,
Channagiri,MTL,ChannagiriMTL,250000,0,225000,
Channagiri,MTL R,ChannagiriMTL R,300000,0,250000,
Bichhiya,MTL,BichhiyaMTL,200000,0,175000,
Khamgaon,MTL R,KhamgaonMTL R,250000,0,200000,
Lesliganj,CTL,LesliganjCTL,250000,5000,250000,
Ramtek,MTL,RamtekMTL,200000,0,175000,
Jamkhandi,MTL R,JamkhandiMTL R,300000,0,250000,
Gogri jamalpur,MTL,Gogri jamalpurMTL,200000,0,175000,
Kunkuri,MTL,KunkuriMTL,200000,0,175000,
Partur,MTL,ParturMTL,200000,0,175000,
Pataudi,MTL R,PataudiMTL R,250000,0,200000,
Shimoga,MTL R,ShimogaMTL R,300000,0,250000,
,CTL,Mt_senkottaiCTL,300000,5000,300000,Mt_senkottai
,MTL R,BhupalpallyMTL R,300000,0,250000,Bhupalpally
Ambad,MTL R,AmbadMTL R,250000,0,200000,
K r nagara,MTL R,K r nagaraMTL R,300000,0,250000,
Bhatni,MTL,BhatniMTL,200000,0,175000,
Barapali,IGL 1,BarapaliIGL 1,200000,3000,175000,
Orai,MTL R,OraiMTL R,250000,0,200000,
Semiliguda,IGL 1,SemiligudaIGL 1,200000,3000,175000,
Karur,MTL,KarurMTL,250000,0,225000,
Chhattarpur,IGL 1,ChhattarpurIGL 1,200000,3000,175000,
Thirukoilure,IGL 2,ThirukoilureIGL 2,300000,3000,250000,
Peddapalli,IGL 2,PeddapalliIGL 2,300000,3000,250000,
Godda,IGL 1,GoddaIGL 1,200000,3000,175000,
Rasipuram,MTL R,RasipuramMTL R,300000,0,250000,
Latur,CTL,LaturCTL,250000,5000,250000,
Kondagaon,IGL 2,KondagaonIGL 2,250000,3000,200000,
Karur,IGL 1,KarurIGL 1,250000,3000,225000,
Mt_othakadai,IGL 1,Mt_othakadaiIGL 1,250000,3000,225000,
Kudligi,IGL 2,KudligiIGL 2,300000,3000,250000,
Kulithalai,IGL 2,KulithalaiIGL 2,300000,3000,250000,
Deori,IGL 1,DeoriIGL 1,200000,3000,175000,
Nanjangudu,MTL,NanjanguduMTL,250000,0,225000,
Bhanpuri,MTL R,BhanpuriMTL R,250000,0,200000,
Natham,IGL 1,NathamIGL 1,250000,3000,225000,
Alangudi,MTL,AlangudiMTL,250000,0,225000,
Titlahgarh,IGL 1,TitlahgarhIGL 1,200000,3000,175000,
Kodala,IGL 1,KodalaIGL 1,200000,3000,175000,
Chhatapur,IGL 1,ChhatapurIGL 1,200000,3000,175000,
Mt_kadayanallur,IGL 1,Mt_kadayanallurIGL 1,250000,3000,225000,
Dharapuram,MTL R,DharapuramMTL R,300000,0,250000,
Mt_kovilpatty,MTL,Mt_kovilpattyMTL,250000,0,225000,
Vijayapura,MTL R,VijayapuraMTL R,300000,0,250000,
Sindhanur,MTL,SindhanurMTL,250000,0,225000,
Hd kote,MTL,Hd koteMTL,250000,0,225000,
Rosera,CTL,RoseraCTL,250000,5000,250000,
Balangir,CTL,BalangirCTL,250000,5000,250000,
Hadgaon,IGL 1,HadgaonIGL 1,200000,3000,175000,
Bhanupratappur,MTL R,BhanupratappurMTL R,250000,0,200000,
Sindhanur,MTL R,SindhanurMTL R,300000,0,250000,
Wadsa,MTL,WadsaMTL,200000,0,175000,
Nilanga,MTL R,NilangaMTL R,250000,0,200000,
Maddur,MTL R,MaddurMTL R,300000,0,250000,
Raghunathpur,CTL,RaghunathpurCTL,250000,5000,250000,
Nagarkurnool,CTL,NagarkurnoolCTL,300000,5000,300000,
Jhunjhunu,MTL R,JhunjhunuMTL R,250000,0,200000,
Mehkar,IGL 1,MehkarIGL 1,200000,3000,175000,
Shahapur,IGL 1,ShahapurIGL 1,200000,3000,175000,
Harur,IGL 1,HarurIGL 1,250000,3000,225000,
Rajsamand,MTL R,RajsamandMTL R,250000,0,200000,
Thirukoilure,IGL 1,ThirukoilureIGL 1,250000,3000,225000,
Osian,MTL R,OsianMTL R,250000,0,200000,
Karur,MTL R,KarurMTL R,300000,0,250000,
Bhainsdehi,IGL 1,BhainsdehiIGL 1,200000,3000,175000,
Keeranur,IGL 2,KeeranurIGL 2,300000,3000,250000,
Balaghat,MTL,BalaghatMTL,200000,0,175000,
Shimoga,MTL,ShimogaMTL,250000,0,225000,
Kunkuri,IGL 1,KunkuriIGL 1,200000,3000,175000,
Partur,MTL R,ParturMTL R,250000,0,200000,
Gharghoda,MTL R,GharghodaMTL R,250000,0,200000,
Bhanpuri,MTL,BhanpuriMTL,200000,0,175000,
Gangavathi,IGL 1,GangavathiIGL 1,250000,3000,225000,
Sengaon,IGL 1,SengaonIGL 1,200000,3000,175000,
Latur,IGL 1,LaturIGL 1,200000,3000,175000,
Partur,IGL 2,ParturIGL 2,250000,3000,200000,
Balumath,IGL 1,BalumathIGL 1,200000,3000,175000,
Sengaon,CTL,SengaonCTL,250000,5000,250000,
Viluppuram,MTL,ViluppuramMTL,250000,0,225000,
Kundgol,MTL,KundgolMTL,250000,0,225000,
Shirpur,MTL,ShirpurMTL,200000,0,175000,
Mt_aralvaimozhi,MTL,Mt_aralvaimozhiMTL,250000,0,225000,
Ambejogai,MTL,AmbejogaiMTL,200000,0,175000,
Raigarh,MTL R,RaigarhMTL R,250000,0,200000,
Kushtagi,MTL,KushtagiMTL,250000,0,225000,
Thirukoilure,MTL,ThirukoilureMTL,250000,0,225000,
Soraba,IGL 2,SorabaIGL 2,300000,3000,250000,
Gangapur,MTL,GangapurMTL,200000,0,175000,
Hanamkonda,MTL R,HanamkondaMTL R,300000,0,250000,
Mehkar,CTL,MehkarCTL,250000,5000,250000,
Bichhiya,CTL,BichhiyaCTL,250000,5000,250000,
Hagaribommanahalli,CTL,HagaribommanahalliCTL,300000,5000,300000,
Rampur baghelan,MTL,Rampur baghelanMTL,200000,0,175000,
Turuvekere,IGL 1,TuruvekereIGL 1,250000,3000,225000,
Kunkuri,MTL R,KunkuriMTL R,250000,0,200000,
Dhule,MTL,DhuleMTL,200000,0,175000,
Mt_thiruvarur,MTL,Mt_thiruvarurMTL,250000,0,225000,
Sirwar,IGL 1,SirwarIGL 1,250000,3000,225000,
Raipur,MTL,RaipurMTL,200000,0,175000,
Chitradurga,MTL R,ChitradurgaMTL R,300000,0,250000,
Honnalli,IGL 2,HonnalliIGL 2,300000,3000,250000,
Mohla,CTL,MohlaCTL,250000,5000,250000,
Pandharkawada,MTL,PandharkawadaMTL,200000,0,175000,
Holenarasipura,IGL 1,HolenarasipuraIGL 1,250000,3000,225000,
Gangavathi,MTL R,GangavathiMTL R,300000,0,250000,
Majorganj,MTL,MajorganjMTL,200000,0,175000,
Aland,MTL R,AlandMTL R,300000,0,250000,
Jintur,MTL,JinturMTL,200000,0,175000,
Mahoba,MTL R,MahobaMTL R,250000,0,200000,
Rona,IGL 2,RonaIGL 2,300000,3000,250000,
Jamui,MTL,JamuiMTL,200000,0,175000,
Karimnagar,IGL 2,KarimnagarIGL 2,300000,3000,250000,
Maddur,MTL,MaddurMTL,250000,0,225000,
Ramanathapura,IGL 1,RamanathapuraIGL 1,250000,3000,225000,
Rajsamand,IGL 1,RajsamandIGL 1,200000,3000,175000,
Kotpad,IGL 1,KotpadIGL 1,200000,3000,175000,
Ichoda,MTL,IchodaMTL,250000,0,225000,
Ramanathapura,MTL,RamanathapuraMTL,250000,0,225000,
Gondia,MTL,GondiaMTL,200000,0,175000,
Mt_sithurajapuram,MTL,Mt_sithurajapuramMTL,250000,0,225000,
Sedam,MTL R,SedamMTL R,300000,0,250000,
Rath,MTL R,RathMTL R,250000,0,200000,
Sakri,CTL,SakriCTL,250000,5000,250000,
Kinwat,CTL,KinwatCTL,250000,5000,250000,
Mt_sivakasi,MTL,Mt_sivakasiMTL,250000,0,225000,
Honnalli,MTL R,HonnalliMTL R,300000,0,250000,
Melur,MTL R,MelurMTL R,300000,0,250000,
Manamadurai,MTL R,ManamaduraiMTL R,300000,0,250000,
Manamadurai,MTL,ManamaduraiMTL,250000,0,225000,
Lanji,MTL,LanjiMTL,200000,0,175000,
Narnaud,MTL R,NarnaudMTL R,250000,0,200000,
,MTL R,Mt_chinnamanurMTL R,300000,0,250000,Mt_chinnamanur
Kondagaon,IGL 1,KondagaonIGL 1,200000,3000,175000,
Shirpur,IGL 2,ShirpurIGL 2,250000,3000,200000,
Channarayapattana,MTL R,ChannarayapattanaMTL R,300000,0,250000,
Karaikudi,MTL R,KaraikudiMTL R,300000,0,250000,
Koppal,IGL 1,KoppalIGL 1,250000,3000,225000,
Kalaburagi,MTL,KalaburagiMTL,250000,0,225000,
Gondia,IGL 1,GondiaIGL 1,200000,3000,175000,
Mancherial,IGL 1,MancherialIGL 1,250000,3000,225000,
Rona,MTL R,RonaMTL R,300000,0,250000,
Indi,MTL,IndiMTL,250000,0,225000,
Hangal,CTL,HangalCTL,300000,5000,300000,
Ahmedpur,MTL,AhmedpurMTL,200000,0,175000,
Deogarh,MTL R,DeogarhMTL R,250000,0,200000,
Sedam,CTL,SedamCTL,300000,5000,300000,
Asind,MTL,AsindMTL,200000,0,175000,
Shorapur,MTL R,ShorapurMTL R,300000,0,250000,
Katghora,MTL R,KatghoraMTL R,250000,0,200000,
Ayodhya,CTL,AyodhyaCTL,250000,5000,250000,
Ayodhya,MTL,AyodhyaMTL,200000,0,175000,
Mt_othakadai,MTL,Mt_othakadaiMTL,250000,0,225000,
Srirangapatna,CTL,SrirangapatnaCTL,300000,5000,300000,
Mt_nagapattinam,MTL,Mt_nagapattinamMTL,250000,0,225000,
Samastipur,MTL,SamastipurMTL,200000,0,175000,
Katghora,MTL,KatghoraMTL,200000,0,175000,
Maddur,IGL 2,MaddurIGL 2,300000,3000,250000,
Bhupalpally,IGL 2,BhupalpallyIGL 2,300000,3000,250000,
Paramathi velur,MTL R,Paramathi velurMTL R,300000,0,250000,
Mt_theni,IGL 1,Mt_theniIGL 1,250000,3000,225000,
Omalur,IGL 2,OmalurIGL 2,300000,3000,250000,
Shahapur,CTL,ShahapurCTL,250000,5000,250000,
Pollachi,MTL R,PollachiMTL R,300000,0,250000,
Mt_alanganallur,CTL,Mt_alanganallurCTL,300000,5000,300000,
Merta road,MTL,Merta roadMTL,200000,0,175000,
Jhunjhunu,MTL,JhunjhunuMTL,200000,0,175000,
Mt_alanganallur,MTL,Mt_alanganallurMTL,250000,0,225000,
Sirwar,MTL,SirwarMTL,250000,0,225000,
Annur,IGL 1,AnnurIGL 1,250000,3000,225000,
Nilanga,MTL,NilangaMTL,200000,0,175000,
Pollachi,MTL,PollachiMTL,250000,0,225000,
Annur,CTL,AnnurCTL,300000,5000,300000,
Narsampet,CTL,NarsampetCTL,300000,5000,300000,
Nanjangudu,CTL,NanjanguduCTL,300000,5000,300000,
Nanded,MTL,NandedMTL,200000,0,175000,
Madhepura,MTL,MadhepuraMTL,200000,0,175000,
Mt_puliyangudi,MTL R,Mt_puliyangudiMTL R,300000,0,250000,
,CTL,Mt_ambasamudramCTL,300000,5000,300000,Mt_ambasamudram
Hangal,IGL 2,HangalIGL 2,300000,3000,250000,
Kondagaon,MTL,KondagaonMTL,200000,0,175000,
Nizamabad,IGL 1,NizamabadIGL 1,250000,3000,225000,
Hadgaon,MTL,HadgaonMTL,200000,0,175000,
Adilabad,CTL,AdilabadCTL,300000,5000,300000,
Jintur,CTL,JinturCTL,250000,5000,250000,
,MTL R,Mt_alanganallurMTL R,300000,0,250000,Mt_alanganallur
,MTL R,ShadnagarMTL R,300000,0,250000,Shadnagar
Shorapur,MTL,ShorapurMTL,250000,0,225000,
Sidhi,MTL,SidhiMTL,200000,0,175000,
Nittur,MTL,NitturMTL,250000,0,225000,
R.s.mangalam,IGL 2,R.s.mangalamIGL 2,300000,3000,250000,
Gharghoda,MTL,GharghodaMTL,200000,0,175000,
Parola,MTL R,ParolaMTL R,250000,0,200000,
Honnalli,CTL,HonnalliCTL,300000,5000,300000,
Bhalki,IGL 1,BhalkiIGL 1,250000,3000,225000,
Jagtial,MTL,JagtialMTL,250000,0,225000,
Pachora,MTL R,PachoraMTL R,250000,0,200000,
Sillod,MTL,SillodMTL,200000,0,175000,
Mt_kovilpatty,CTL,Mt_kovilpattyCTL,300000,5000,300000,
Narnaud,MTL,NarnaudMTL,200000,0,175000,
Warora,MTL,WaroraMTL,200000,0,175000,
Khandapada,CTL,KhandapadaCTL,250000,5000,250000,
Mt_thiruverumbur,CTL,Mt_thiruverumburCTL,300000,5000,300000,
Rosera,MTL,RoseraMTL,200000,0,175000,
Dhamdha,MTL,DhamdhaMTL,200000,0,175000,
Baihar,MTL,BaiharMTL,200000,0,175000,
,CTL,Mt_thisyanvillaiCTL,300000,5000,300000,Mt_thisyanvillai
Latehar,MTL,LateharMTL,200000,0,175000,
Teghra,MTL,TeghraMTL,200000,0,175000,
Muthukulathur,MTL R,MuthukulathurMTL R,300000,0,250000,
Rath,CTL,RathCTL,250000,5000,250000,
Jagalur,IGL 2,JagalurIGL 2,300000,3000,250000,
Mt_srivilliputhur,MTL,Mt_srivilliputhurMTL,250000,0,225000,
Kunkuri,CTL,KunkuriCTL,250000,5000,250000,
Mt_tharuvai,MTL R,Mt_tharuvaiMTL R,300000,0,250000,
Mt_pattukottai,MTL,Mt_pattukottaiMTL,250000,0,225000,
Mt_kayathar,MTL,Mt_kayatharMTL,250000,0,225000,
Ramtek,CTL,RamtekCTL,250000,5000,250000,
Lanji,CTL,LanjiCTL,250000,5000,250000,
Shorapur,IGL 2,ShorapurIGL 2,300000,3000,250000,
,MTL R,Mt_tuticorinMTL R,300000,0,250000,Mt_tuticorin
,MTL R,Mt_singampunariMTL R,300000,0,250000,Mt_singampunari
Chitradurga,IGL 1,ChitradurgaIGL 1,250000,3000,225000,
Raghunathpur,MTL R,RaghunathpurMTL R,250000,0,200000,
K r pete,IGL 1,K r peteIGL 1,250000,3000,225000,
Rajnandgaon,IGL 1,RajnandgaonIGL 1,200000,3000,175000,
Tuljapur,CTL,TuljapurCTL,250000,5000,250000,
Raver,CTL,RaverCTL,250000,5000,250000,
Mt_othakadai,MTL R,Mt_othakadaiMTL R,300000,0,250000,
R.s.mangalam,IGL 1,R.s.mangalamIGL 1,250000,3000,225000,
Naigaon,MTL,NaigaonMTL,200000,0,175000,
R.s.mangalam,MTL R,R.s.mangalamMTL R,300000,0,250000,
Belagavi,MTL R,BelagaviMTL R,300000,0,250000,
Vijayapura,IGL 2,VijayapuraIGL 2,300000,3000,250000,
Ballari,MTL,BallariMTL,250000,0,225000,
Latehar,CTL,LateharCTL,250000,5000,250000,
Bhiwani,MTL,BhiwaniMTL,200000,0,175000,
Mt_aranthangi,MTL,Mt_aranthangiMTL,250000,0,225000,
Teghra,CTL,TeghraCTL,250000,5000,250000,
Gangavathi,CTL,GangavathiCTL,300000,5000,300000,
Uruwa bazar,CTL,Uruwa bazarCTL,250000,5000,250000,
Phulparas,CTL,PhulparasCTL,250000,5000,250000,
Bhanupratappur,MTL,BhanupratappurMTL,200000,0,175000,
Jankia,CTL,JankiaCTL,250000,5000,250000,
Phulparas,MTL,PhulparasMTL,200000,0,175000,
Patan,CTL,PatanCTL,250000,5000,250000,
Mancherial,MTL R,MancherialMTL R,300000,0,250000,
Japla,IGL 1,JaplaIGL 1,200000,3000,175000,
Runnisaidpur,MTL R,RunnisaidpurMTL R,250000,0,200000,
Gangapur,MTL R,GangapurMTL R,250000,0,200000,
Chitradurga,MTL,ChitradurgaMTL,250000,0,225000,
Pakribarawan,CTL,PakribarawanCTL,250000,5000,250000,
Mt_sithurajapuram,CTL,Mt_sithurajapuramCTL,300000,5000,300000,
Balumath,CTL,BalumathCTL,250000,5000,250000,
Rajapalayam,CTL,RajapalayamCTL,300000,5000,300000,
Mt_kilakarai,MTL,Mt_kilakaraiMTL,250000,0,225000,
Annur,MTL,AnnurMTL,250000,0,225000,
,MTL R,HarurMTL R,300000,0,250000,Harur
,MTL R,Mt_mannargudiMTL R,300000,0,250000,Mt_mannargudi
,MTL R,Mt_pavoorchatramMTL R,300000,0,250000,Mt_pavoorchatram
Mt_sivakasi,MTL R,Mt_sivakasiMTL R,300000,0,250000,
Bhatapara,MTL,BhataparaMTL,200000,0,175000,
Manapparai,MTL R,ManapparaiMTL R,300000,0,250000,
Chakarbhatha,IGL 1,ChakarbhathaIGL 1,200000,3000,175000,
Mt_sankarankovil,MTL R,Mt_sankarankovilMTL R,300000,0,250000,
Bagaha,CTL,BagahaCTL,250000,5000,250000,
Mt_virudhunagar,CTL,Mt_virudhunagarCTL,300000,5000,300000,
Mt_narimedu,CTL,Mt_narimeduCTL,300000,5000,300000,
Mt_kovilpatty,MTL R,Mt_kovilpattyMTL R,300000,0,250000,
,IGL 2,ShadnagarIGL 2,300000,3000,250000,Shadnagar
,MTL R,Mt_arumuganeriMTL R,300000,0,250000,Mt_arumuganeri
,MTL R,Mt_srivilliputhurMTL R,300000,0,250000,Mt_srivilliputhur
,MTL R,Mt_eralMTL R,300000,0,250000,Mt_eral
Gadchandur,CTL,GadchandurCTL,250000,5000,250000,
Chhatapur,CTL,ChhatapurCTL,250000,5000,250000,
Itwa,MTL R,ItwaMTL R,250000,0,200000,
Mt_udumalaipettai,MTL R,Mt_udumalaipettaiMTL R,300000,0,250000,
Kodala,CTL,KodalaCTL,250000,5000,250000,
Mt_manamelkudi,MTL R,Mt_manamelkudiMTL R,300000,0,250000,
Kumbakonam,CTL,KumbakonamCTL,300000,5000,300000,
Mt_kochadai,MTL R,Mt_kochadaiMTL R,300000,0,250000,
Mul,MTL,MulMTL,200000,0,175000,
Mt_sethur,MTL R,Mt_sethurMTL R,300000,0,250000,
,MTL R,Mt_mattakadaiMTL R,300000,0,250000,Mt_mattakadai
,MTL R,Mt_palayamkottaiMTL R,300000,0,250000,Mt_palayamkottai
,MTL,BasnaMTL,200000,0,175000,Basna
Sidhipet,MTL R,SidhipetMTL R,300000,0,250000,
Puliyangudi,IGL 1,PuliyangudiIGL 1,250000,3000,225000,
Tharuvai,IGL 2,TharuvaiIGL 2,300000,3000,250000,
Pudukkottai,IGL 1,PudukkottaiIGL 1,250000,3000,225000,
Thirunagar,IGL 1,ThirunagarIGL 1,250000,3000,225000,
Nagapattinam,IGL 2,NagapattinamIGL 2,300000,3000,250000,
Thiruvarur,IGL 1,ThiruvarurIGL 1,250000,3000,225000,
Sethur,IGL 1,SethurIGL 1,250000,3000,225000,
Thiruppathur,IGL 1,ThiruppathurIGL 1,250000,3000,225000,
Thingal nagar,IGL 2,Thingal nagarIGL 2,300000,3000,250000,
Kochadai,IGL 2,KochadaiIGL 2,300000,3000,250000,
Palayamkottai,IGL 2,PalayamkottaiIGL 2,300000,3000,250000,
Watrap,IGL 2,WatrapIGL 2,300000,3000,250000,
Anjugiramam,IGL 2,AnjugiramamIGL 2,300000,3000,250000,
Sholavandan,IGL 2,SholavandanIGL 2,300000,3000,250000,
Thiruppathur,IGL 2,ThiruppathurIGL 2,300000,3000,250000,
Thiruppuvanam,IGL 2,ThiruppuvanamIGL 2,300000,3000,250000,
Kilakarai,IGL 2,KilakaraiIGL 2,300000,3000,250000,
Manamelkudi,IGL 2,ManamelkudiIGL 2,300000,3000,250000,
Thisyanvillai,MTL,ThisyanvillaiMTL,250000,0,225000,
Tuticorin,MTL,TuticorinMTL,250000,0,225000,
Srivilliputhur,MTL,SrivilliputhurMTL,250000,0,225000,
Cheranmahadevi,IGL 1,CheranmahadeviIGL 1,250000,3000,225000,
Anjugiramam,MTL,AnjugiramamMTL,250000,0,225000,
Mannargudi,MTL,MannargudiMTL,250000,0,225000,
Kadaladi,MTL,KadaladiMTL,250000,0,225000,
Thiruppuvanam,MTL,ThiruppuvanamMTL,250000,0,225000,
Surandai,IGL 1,SurandaiIGL 1,250000,3000,225000,
Arumuganeri,IGL 1,ArumuganeriIGL 1,250000,3000,225000,
Aranthangi,IGL 1,AranthangiIGL 1,250000,3000,225000,
Thiruverumbur,MTL,ThiruverumburMTL,250000,0,225000,
Arumuganeri,MTL,ArumuganeriMTL,250000,0,225000,
Udankudi,MTL,UdankudiMTL,250000,0,225000,
Batlagundu,MTL,BatlagunduMTL,250000,0,225000,
Gondpipri,MTL,GondpipriMTL,200000,0,175000,
Aranthangi,MTL,AranthangiMTL,250000,0,225000,
Thingal nagar,MTL,Thingal nagarMTL,250000,0,225000,
Narimedu,MTL,NarimeduMTL,250000,0,225000,
Nagapattinam,MTL,NagapattinamMTL,250000,0,225000,
Virudhunagar,MTL,VirudhunagarMTL,250000,0,225000,
Chinnamanur,MTL,ChinnamanurMTL,250000,0,225000,
Pettai,MTL,PettaiMTL,250000,0,225000,
Udumalaipettai,MTL,UdumalaipettaiMTL,250000,0,225000,
Dharapuram,MTL,DharapuramMTL,250000,0,225000,
Mahendragarh,MTL R,MahendragarhMTL R,250000,0,200000,
Valliyur,MTL,ValliyurMTL,250000,0,225000,
Gangavathi,MTL,GangavathiMTL,250000,0,225000,
Thiruthuraipoondi,MTL R,ThiruthuraipoondiMTL R,300000,0,250000,
Thirunagar,MTL,ThirunagarMTL,250000,0,225000,
Eral,MTL,EralMTL,250000,0,225000,
Narimedu,MTL R,NarimeduMTL R,300000,0,250000,
Andipatti,MTL,AndipattiMTL,250000,0,225000,
Kangeyam,MTL,KangeyamMTL,250000,0,225000,
Alangulam,MTL,AlangulamMTL,250000,0,225000,
Andipatti,MTL R,AndipattiMTL R,300000,0,250000,
Thiruvarur,MTL,ThiruvarurMTL,250000,0,225000,
Chinnalapatti,MTL R,ChinnalapattiMTL R,300000,0,250000,
Narnaud,CTL,NarnaudCTL,250000,5000,250000,
Sillod,CTL,SillodCTL,250000,5000,250000,
Senkottai,MTL,SenkottaiMTL,250000,0,225000,
Pattukottai,MTL,PattukottaiMTL,250000,0,225000,
Mattakadai,MTL,MattakadaiMTL,250000,0,225000,
Veeravanallur,MTL,VeeravanallurMTL,250000,0,225000,
Rameshwaram,MTL,RameshwaramMTL,250000,0,225000,
Tharuvai,MTL,TharuvaiMTL,250000,0,225000,
Ballari,CTL,BallariCTL,300000,5000,300000,
Aruppukkottai,MTL,AruppukkottaiMTL,250000,0,225000,
Sholavandan,MTL,SholavandanMTL,250000,0,225000,
Sivakasi,IGL 1,SivakasiIGL 1,250000,3000,225000,
Sithurajapuram,MTL,SithurajapuramMTL,250000,0,225000,
Sithurajapuram,MTL R,SithurajapuramMTL R,300000,0,250000,
Kadayanallur,MTL,KadayanallurMTL,250000,0,225000,
Kadayam,MTL,KadayamMTL,250000,0,225000,
Usilampatti,IGL 1,UsilampattiIGL 1,250000,3000,225000,
Kilakarai,MTL,KilakaraiMTL,250000,0,225000,
Surandai,MTL,SurandaiMTL,250000,0,225000,
Saoner,CTL,SaonerCTL,250000,5000,250000,
Sivakasi,MTL R,SivakasiMTL R,300000,0,250000,
Manamelkudi,MTL R,ManamelkudiMTL R,300000,0,250000,
,MTL,Mt_pettaiMTL,250000,0,225000,Mt_pettai
,MTL R,Mt_thiruthuraipoondiMTL R,300000,0,250000,Mt_thiruthuraipoondi
,MTL R,Mt_usilampattiMTL R,300000,0,250000,Mt_usilampatti
,MTL,Mt_thondiMTL,250000,0,225000,Mt_thondi
,MTL R,Mt_andipattiMTL R,300000,0,250000,Mt_andipatti
Deulgaon raja,CTL,Deulgaon rajaCTL,250000,5000,250000,
Basmat,MTL,BasmatMTL,200000,0,175000,
Valliyur,IGL 1,ValliyurIGL 1,250000,3000,225000,
Paramakudi,IGL 2,ParamakudiIGL 2,300000,3000,250000,
Ambasamudram,IGL 2,AmbasamudramIGL 2,300000,3000,250000,
Thirunagar,IGL 2,ThirunagarIGL 2,300000,3000,250000,
Pavoorchatram,IGL 2,PavoorchatramIGL 2,300000,3000,250000,
Senkottai,IGL 2,SenkottaiIGL 2,300000,3000,250000,
Valliyur,IGL 2,ValliyurIGL 2,300000,3000,250000,
Mannargudi,IGL 2,MannargudiIGL 2,300000,3000,250000,
Nagercoil,IGL 2,NagercoilIGL 2,300000,3000,250000,
Tuticorin,IGL 2,TuticorinIGL 2,300000,3000,250000,
Kadayanallur,IGL 1,KadayanallurIGL 1,250000,3000,225000,
Udumalaipettai,IGL 2,UdumalaipettaiIGL 2,300000,3000,250000,
Cumbum,IGL 2,CumbumIGL 2,300000,3000,250000,
Sankarankovil,IGL 2,SankarankovilIGL 2,300000,3000,250000,
Pavoorchatram,MTL,PavoorchatramMTL,250000,0,225000,
Ambasamudram,MTL,AmbasamudramMTL,250000,0,225000,
Tharuvai,IGL 1,TharuvaiIGL 1,250000,3000,225000,
Singampunari,IGL 1,SingampunariIGL 1,250000,3000,225000,
Palayamkottai,MTL,PalayamkottaiMTL,250000,0,225000,
Andipatti,IGL 1,AndipattiIGL 1,250000,3000,225000,
Tiruchendur,MTL,TiruchendurMTL,250000,0,225000,
Thondi,MTL,ThondiMTL,250000,0,225000,
Pavoorchatram,IGL 1,PavoorchatramIGL 1,250000,3000,225000,
Kochadai,MTL,KochadaiMTL,250000,0,225000,
Thiruthuraipoondi,MTL,ThiruthuraipoondiMTL,250000,0,225000,
Cheranmahadevi,MTL,CheranmahadeviMTL,250000,0,225000,
Thingal nagar,MTL R,Thingal nagarMTL R,300000,0,250000,
Thiruppuvanam,CTL,ThiruppuvanamCTL,300000,5000,300000,
Samastipur,CTL,SamastipurCTL,250000,5000,250000,
Cumbum,MTL,CumbumMTL,250000,0,225000,
Khagaria,MTL,KhagariaMTL,200000,0,175000,
Jagdalpur,CTL,JagdalpurCTL,250000,5000,250000,
Aralvaimozhi,MTL,AralvaimozhiMTL,250000,0,225000,
Thisyanvillai,MTL R,ThisyanvillaiMTL R,300000,0,250000,
Sirwar,CTL,SirwarCTL,300000,5000,300000,
Thisyanvillai,IGL 1,ThisyanvillaiIGL 1,250000,3000,225000,
Kadaladi,MTL R,KadaladiMTL R,300000,0,250000,
Nizamabad,MTL R,NizamabadMTL R,300000,0,250000,
Pudukkottai,CTL,PudukkottaiCTL,300000,5000,300000,
Tetri bazar,CTL,Tetri bazarCTL,250000,5000,250000,
Nagercoil,MTL,NagercoilMTL,250000,0,225000,
Chinnalapatti,MTL,ChinnalapattiMTL,250000,0,225000,
Thirunagar,MTL R,ThirunagarMTL R,300000,0,250000,
Suriya,CTL,SuriyaCTL,250000,5000,250000,
Tuticorin,MTL R,TuticorinMTL R,300000,0,250000,
Thiruppuvanam,MTL R,ThiruppuvanamMTL R,300000,0,250000,
Tiruchendur,IGL 1,TiruchendurIGL 1,250000,3000,225000,
Udankudi,MTL R,UdankudiMTL R,300000,0,250000,
Senkottai,MTL R,SenkottaiMTL R,300000,0,250000,
Sethur,MTL,SethurMTL,250000,0,225000,
Pettai,MTL R,PettaiMTL R,300000,0,250000,
Sankarankovil,MTL,SankarankovilMTL,250000,0,225000,
Bhalki,MTL,BhalkiMTL,250000,0,225000,
Chinnamanur,MTL R,ChinnamanurMTL R,300000,0,250000,
Muddebihal,MTL,MuddebihalMTL,250000,0,225000,
Khagaznagar,CTL,KhagaznagarCTL,300000,5000,300000,
Arumuganeri,IGL 2,ArumuganeriIGL 2,300000,3000,250000,
Cheranmahadevi,MTL R,CheranmahadeviMTL R,300000,0,250000,
Usilampatti,MTL R,UsilampattiMTL R,300000,0,250000,
Singampunari,MTL,SingampunariMTL,250000,0,225000,
Adaspur,CTL,AdaspurCTL,250000,5000,250000,
Metpally,CTL,MetpallyCTL,300000,5000,300000,
Bihariganj,MTL R,BihariganjMTL R,250000,0,200000,
Nagercoil,MTL R,NagercoilMTL R,300000,0,250000,
Partur,CTL,ParturCTL,250000,5000,250000,
Melur,MTL,MelurMTL,250000,0,225000,
Mattakadai,IGL 1,MattakadaiIGL 1,250000,3000,225000,
Bemetara,IGL 2,BemetaraIGL 2,250000,3000,200000,
Puliyangudi,IGL 2,PuliyangudiIGL 2,300000,3000,250000,
Chinnamanur,IGL 2,ChinnamanurIGL 2,300000,3000,250000,
Keeranur,MTL,KeeranurMTL,250000,0,225000,
Cheranmahadevi,IGL 2,CheranmahadeviIGL 2,300000,3000,250000,
Ramanathapuram,IGL 2,RamanathapuramIGL 2,300000,3000,250000,
Surandai,IGL 2,SurandaiIGL 2,300000,3000,250000,
Chinnamanur,IGL 1,ChinnamanurIGL 1,250000,3000,225000,
Maharajganj,CTL,MaharajganjCTL,250000,5000,250000,
Singampunari,MTL R,SingampunariMTL R,300000,0,250000,
Pudukkottai,MTL,PudukkottaiMTL,250000,0,225000,
Sholavandan,MTL R,SholavandanMTL R,300000,0,250000,
Udumalaipettai,MTL R,UdumalaipettaiMTL R,300000,0,250000,
Aurangabad,CTL,AurangabadCTL,250000,5000,250000,
Turuvekere,MTL,TuruvekereMTL,250000,0,225000,
Kadaladi,IGL 2,KadaladiIGL 2,300000,3000,250000,
Alangulam,IGL 2,AlangulamIGL 2,300000,3000,250000,
Kadayanallur,IGL 2,KadayanallurIGL 2,300000,3000,250000,
Srivilliputhur,MTL R,SrivilliputhurMTL R,300000,0,250000,
Watrap,MTL R,WatrapMTL R,300000,0,250000,
Ambasamudram,IGL 1,AmbasamudramIGL 1,250000,3000,225000,
Sethur,IGL 2,SethurIGL 2,300000,3000,250000,
Veeravanallur,IGL 2,VeeravanallurIGL 2,300000,3000,250000,
Manamelkudi,IGL 1,ManamelkudiIGL 1,250000,3000,225000,
Thisyanvillai,IGL 2,ThisyanvillaiIGL 2,300000,3000,250000,
Kadayam,IGL 2,KadayamIGL 2,300000,3000,250000,
Kayathar,IGL 2,KayatharIGL 2,300000,3000,250000,
Alanganallur,IGL 2,AlanganallurIGL 2,300000,3000,250000,
Mattakadai,IGL 2,MattakadaiIGL 2,300000,3000,250000,
Udankudi,IGL 2,UdankudiIGL 2,300000,3000,250000,
Narimedu,IGL 2,NarimeduIGL 2,300000,3000,250000,
Thiruppuvanam,IGL 1,ThiruppuvanamIGL 1,250000,3000,225000,
Kovilpatty,MTL R,KovilpattyMTL R,300000,0,250000,
Aralvaimozhi,MTL R,AralvaimozhiMTL R,300000,0,250000,
Pattukottai,IGL 1,PattukottaiIGL 1,250000,3000,225000,
Thiruppathur,MTL,ThiruppathurMTL,250000,0,225000,
Kadayanallur,MTL R,KadayanallurMTL R,300000,0,250000,
Bemetara,CTL,BemetaraCTL,250000,5000,250000,
Thiruppathur,MTL R,ThiruppathurMTL R,300000,0,250000,
Palayamkottai,MTL R,PalayamkottaiMTL R,300000,0,250000,
Jangaon,CTL,JangaonCTL,300000,5000,300000,
Kayathar,MTL R,KayatharMTL R,300000,0,250000,
Daltonganj,CTL,DaltonganjCTL,250000,5000,250000,
Mattakadai,MTL R,MattakadaiMTL R,300000,0,250000,
Basmat,CTL,BasmatCTL,250000,5000,250000,
Bhainsdehi,CTL,BhainsdehiCTL,250000,5000,250000,
Keeranur,MTL R,KeeranurMTL R,300000,0,250000,
Othakadai,MTL R,OthakadaiMTL R,300000,0,250000,
R.s.mangalam,MTL,R.s.mangalamMTL,250000,0,225000,
Arumuganeri,CTL,ArumuganeriCTL,300000,5000,300000,
Kangeyam,MTL R,KangeyamMTL R,300000,0,250000,
Puliyangudi,MTL,PuliyangudiMTL,250000,0,225000,
Alangulam,MTL R,AlangulamMTL R,300000,0,250000,
Samastipur,MTL R,SamastipurMTL R,250000,0,200000,
Aranthangi,MTL R,AranthangiMTL R,300000,0,250000,
Anjugiramam,MTL R,AnjugiramamMTL R,300000,0,250000,
Aland,CTL,AlandCTL,300000,5000,300000,
Ratanpur,CTL,RatanpurCTL,250000,5000,250000,
Kudligi,MTL,KudligiMTL,250000,0,225000,
Kundam,CTL,KundamCTL,250000,5000,250000,
Mannargudi,MTL R,MannargudiMTL R,300000,0,250000,
Pudukkottai,MTL R,PudukkottaiMTL R,300000,0,250000,
Arumuganeri,MTL R,ArumuganeriMTL R,300000,0,250000,
Pavoorchatram,MTL R,PavoorchatramMTL R,300000,0,250000,
Veeravanallur,MTL R,VeeravanallurMTL R,300000,0,250000,
Thondi,MTL R,ThondiMTL R,300000,0,250000,
Thiruverumbur,IGL 2,ThiruverumburIGL 2,300000,3000,250000,
Batlagundu,IGL 2,BatlagunduIGL 2,300000,3000,250000,
Aralvaimozhi,IGL 2,AralvaimozhiIGL 2,300000,3000,250000,
Thiruthuraipoondi,IGL 2,ThiruthuraipoondiIGL 2,300000,3000,250000,
Virudhunagar,IGL 2,VirudhunagarIGL 2,300000,3000,250000,
Aranthangi,IGL 2,AranthangiIGL 2,300000,3000,250000,
Mayiladuthurai,MTL,MayiladuthuraiMTL,250000,0,225000,
Theni,MTL,TheniMTL,250000,0,225000,
Mayiladuthurai,MTL R,MayiladuthuraiMTL R,300000,0,250000,
Tiruchendur,MTL R,TiruchendurMTL R,300000,0,250000,
Thiruverumbur,MTL R,ThiruverumburMTL R,300000,0,250000,
Tharuvai,MTL R,TharuvaiMTL R,300000,0,250000,
Channagiri,CTL,ChannagiriCTL,300000,5000,300000,
Mehdawal,CTL,MehdawalCTL,250000,5000,250000,
Kudligi,CTL,KudligiCTL,300000,5000,300000,
Vijayapura,CTL,VijayapuraCTL,300000,5000,300000,
Kadayam,MTL R,KadayamMTL R,300000,0,250000,
Soraba,CTL,SorabaCTL,300000,5000,300000,
Kilakarai,MTL R,KilakaraiMTL R,300000,0,250000,
Virudhunagar,MTL R,VirudhunagarMTL R,300000,0,250000,
Valliyur,MTL R,ValliyurMTL R,300000,0,250000,
Mehdawal,MTL,MehdawalMTL,200000,0,175000,
,MTL R,Mt_thirunagarMTL R,300000,0,250000,Mt_thirunagar
,MTL R,Mt_kadaladiMTL R,300000,0,250000,Mt_kadaladi
,CTL,Mt_arumuganeriCTL,300000,5000,300000,Mt_arumuganeri
,MTL R,Mt_pudukkottaiMTL R,300000,0,250000,Mt_pudukkottai
,MTL,Mt_chinnamanurMTL,250000,0,225000,Mt_chinnamanur
,MTL R,Mt_thingal nagarMTL R,300000,0,250000,Mt_thingal nagar
,MTL R,Mt_narimeduMTL R,300000,0,250000,Mt_narimedu
Adaspur,MTL,AdaspurMTL,200000,0,175000,
Hinjilicut,MTL,HinjilicutMTL,200000,0,175000,
Cumbum,IGL 1,CumbumIGL 1,250000,3000,225000,
Chikodi,CTL,ChikodiCTL,300000,5000,300000,
Chalisgaon,CTL,ChalisgaonCTL,250000,5000,250000,
Pattukottai,IGL 2,PattukottaiIGL 2,300000,3000,250000,
Kovilpatty,IGL 2,KovilpattyIGL 2,300000,3000,250000,
,IGL 2,Mt_rameshwaramIGL 2,300000,3000,250000,Mt_rameshwaram
,MTL R,Mt_nagapattinamMTL R,300000,0,250000,Mt_nagapattinam
,MTL R,Mt_sithurajapuramMTL R,300000,0,250000,Mt_sithurajapuram
,MTL,ChennurMTL,250000,0,225000,Chennur
,MTL,Mt_eralMTL,250000,0,225000,Mt_eral
,MTL R,Mt_anjugiramamMTL R,300000,0,250000,Mt_anjugiramam
,MTL,Mt_cumbumMTL,250000,0,225000,Mt_cumbum
Indi,CTL,IndiCTL,300000,5000,300000,
Rameshwaram,MTL R,RameshwaramMTL R,300000,0,250000,
Washim,MTL,WashimMTL,200000,0,175000,
Thirukoilure,MTL R,ThirukoilureMTL R,300000,0,250000,
Sankarankovil,MTL R,SankarankovilMTL R,300000,0,250000,
Puliyangudi,MTL R,PuliyangudiMTL R,300000,0,250000,
Paramakudi,MTL,ParamakudiMTL,250000,0,225000,
Thiruvarur,MTL R,ThiruvarurMTL R,300000,0,250000,
Narimedu,CTL,NarimeduCTL,300000,5000,300000,
Pattukottai,MTL R,PattukottaiMTL R,300000,0,250000,
Surandai,MTL R,SurandaiMTL R,300000,0,250000,
Turuvekere,CTL,TuruvekereCTL,300000,5000,300000,
Triveniganj,MTL R,TriveniganjMTL R,250000,0,200000,
Balia,MTL,BaliaMTL,200000,0,175000,
Eral,IGL 2,EralIGL 2,300000,3000,250000,
Chinnalapatti,IGL 1,ChinnalapattiIGL 1,250000,3000,225000,
Thondi,IGL 2,ThondiIGL 2,300000,3000,250000,
Tiruchendur,IGL 2,TiruchendurIGL 2,300000,3000,250000,
Eral,MTL R,EralMTL R,300000,0,250000,
Othakadai,CTL,OthakadaiCTL,300000,5000,300000,
Ramanathapura,CTL,RamanathapuraCTL,300000,5000,300000,
Metpally,MTL R,MetpallyMTL R,300000,0,250000,
Bhawnathpur,CTL,BhawnathpurCTL,250000,5000,250000,
Jagalur,CTL,JagalurCTL,300000,5000,300000,
,MTL R,OrathanaduMTL R,300000,0,250000,Orathanadu
,IGL 2,Mt_sivakasiIGL 2,300000,3000,250000,Mt_sivakasi
,IGL 2,MiryalagudaIGL 2,300000,3000,250000,Miryalaguda
,MTL,Mt_virudhunagarMTL,250000,0,225000,Mt_virudhunagar
,MTL,Mt_kadayanallurMTL,250000,0,225000,Mt_kadayanallur
,MTL,Mt_cheranmahadeviMTL,250000,0,225000,Mt_cheranmahadevi
,MTL,NarsampetMTL,250000,0,225000,Narsampet
,IGL 2,MetpallyIGL 2,300000,3000,250000,Metpally
,MTL,Mt_vilathikulamMTL,250000,0,225000,Mt_vilathikulam
,MTL,Mt_mattakadaiMTL,250000,0,225000,Mt_mattakadai
,IGL 2,AmangalIGL 2,300000,3000,250000,Amangal
,IGL 2,NalgondaIGL 2,300000,3000,250000,Nalgonda
,MTL,Mt_valliyurMTL,250000,0,225000,Mt_valliyur
,MTL,Mt_pavoorchatramMTL,250000,0,225000,Mt_pavoorchatram
,MTL,Mt_sethurMTL,250000,0,225000,Mt_sethur
,MTL R,Mt_aralvaimozhiMTL R,300000,0,250000,Mt_aralvaimozhi
,MTL,Mt_thisyanvillaiMTL,250000,0,225000,Mt_thisyanvillai
,MTL,Mt_narimeduMTL,250000,0,225000,Mt_narimedu
,MTL,Mt_palayamkottaiMTL,250000,0,225000,Mt_palayamkottai
,MTL,Mt_nagercoilMTL,250000,0,225000,Mt_nagercoil
,MTL,Mt_thirunagarMTL,250000,0,225000,Mt_thirunagar
,MTL R,Mt_nagercoilMTL R,300000,0,250000,Mt_nagercoil
,MTL R,Mt_mayiladuthuraiMTL R,300000,0,250000,Mt_mayiladuthurai
,MTL,Mt_thingal nagarMTL,250000,0,225000,Mt_thingal nagar
,MTL R,Mt_tiruchendurMTL R,300000,0,250000,Mt_tiruchendur
,MTL,Mt_puliyangudiMTL,250000,0,225000,Mt_puliyangudi
,MTL,Mt_udankudiMTL,250000,0,225000,Mt_udankudi
,MTL,Mt_kangeyamMTL,250000,0,225000,Mt_kangeyam
,MTL R,Mt_thiruvarurMTL R,300000,0,250000,Mt_thiruvarur
,MTL,Mt_arumuganeriMTL,250000,0,225000,Mt_arumuganeri
,MTL,Mt_theniMTL,250000,0,225000,Mt_theni
,MTL,Mt_anjugiramamMTL,250000,0,225000,Mt_anjugiramam
,MTL R,Mt_thisyanvillaiMTL R,300000,0,250000,Mt_thisyanvillai
,MTL R,Mt_virudhunagarMTL R,300000,0,250000,Mt_virudhunagar
,MTL,Mt_thiruthuraipoondiMTL,250000,0,225000,Mt_thiruthuraipoondi
,MTL,Mt_tharuvaiMTL,250000,0,225000,Mt_tharuvai
,MTL,Mt_manamelkudiMTL,250000,0,225000,Mt_manamelkudi
,MTL R,Mt_thiruppuvanamMTL R,300000,0,250000,Mt_thiruppuvanam
,MTL R,Mt_sholavandanMTL R,300000,0,250000,Mt_sholavandan
,MTL,Mt_tiruchendurMTL,250000,0,225000,Mt_tiruchendur
,MTL,Mt_andipattiMTL,250000,0,225000,Mt_andipatti
,MTL,Mt_senkottaiMTL,250000,0,225000,Mt_senkottai
,MTL R,Mt_udankudiMTL R,300000,0,250000,Mt_udankudi
,MTL R,Mt_thiruppathurMTL R,300000,0,250000,Mt_thiruppathur
,MTL,Mt_thiruppathurMTL,250000,0,225000,Mt_thiruppathur
,MTL R,Mt_veeravanallurMTL R,300000,0,250000,Mt_veeravanallur
,MTL,Mt_kochadaiMTL,250000,0,225000,Mt_kochadai
,IGL 1,Patan mpIGL 1,200000,3000,175000,Patan mp
,MTL,Mt_kadayamMTL,250000,0,225000,Mt_kadayam
,MTL,Mt_kadaladiMTL,250000,0,225000,Mt_kadaladi
,MTL,Mt_tuticorinMTL,250000,0,225000,Mt_tuticorin
,MTL,Mt_chinnalapattiMTL,250000,0,225000,Mt_chinnalapatti
,MTL R,Mt_kadayanallurMTL R,300000,0,250000,Mt_kadayanallur
,MTL,Mt_sankarankovilMTL,250000,0,225000,Mt_sankarankovil
,MTL R,Mt_watrapMTL R,300000,0,250000,Mt_watrap
,MTL,Mt_mannargudiMTL,250000,0,225000,Mt_mannargudi
,MTL R,Mt_aranthangiMTL R,300000,0,250000,Mt_aranthangi
,MTL,Mt_surandaiMTL,250000,0,225000,Mt_surandai
,MTL R,Mt_senkottaiMTL R,300000,0,250000,Mt_senkottai
,MTL,Mt_rameshwaramMTL,250000,0,225000,Mt_rameshwaram
,MTL R,Mt_cheranmahadeviMTL R,300000,0,250000,Mt_cheranmahadevi
,MTL,Mt_udumalaipettaiMTL,250000,0,225000,Mt_udumalaipettai
,MTL,Mt_sholavandanMTL,250000,0,225000,Mt_sholavandan
,MTL R,Mt_valliyurMTL R,300000,0,250000,Mt_valliyur
,MTL,Mt_singampunariMTL,250000,0,225000,Mt_singampunari
,MTL,Mt_thiruverumburMTL,250000,0,225000,Mt_thiruverumbur
,MTL R,Mt_thiruverumburMTL R,300000,0,250000,Mt_thiruverumbur
,MTL R,Mt_rameshwaramMTL R,300000,0,250000,Mt_rameshwaram
,MTL R,Mt_kangeyamMTL R,300000,0,250000,Mt_kangeyam
,MTL,Mt_pudukkottaiMTL,250000,0,225000,Mt_pudukkottai
,MTL R,Mt_pattukottaiMTL R,300000,0,250000,Mt_pattukottai
,MTL,Mt_mayiladuthuraiMTL,250000,0,225000,Mt_mayiladuthurai
,MTL R,Mt_surandaiMTL R,300000,0,250000,Mt_surandai
,MTL R,Mt_kadayamMTL R,300000,0,250000,Mt_kadayam
,MTL,Mt_ambasamudramMTL,250000,0,225000,Mt_ambasamudram
,MTL R,Mt_paramakudiMTL R,300000,0,250000,Mt_paramakudi
,MTL R,Mt_ramanathapuramMTL R,300000,0,250000,Mt_ramanathapuram
,MTL,Mt_ramanathapuramMTL,250000,0,225000,Mt_ramanathapuram
,MTL,Mt_aruppukkottaiMTL,250000,0,225000,Mt_aruppukkottai
,MTL,Mt_veeravanallurMTL,250000,0,225000,Mt_veeravanallur
,MTL R,Mt_kayatharMTL R,300000,0,250000,Mt_kayathar
,MTL,Mt_alangulamMTL,250000,0,225000,Mt_alangulam
,MTL R,Mt_pettaiMTL R,300000,0,250000,Mt_pettai
,MTL,Mt_batlagunduMTL,250000,0,225000,Mt_batlagundu
,MTL R,Mt_alangulamMTL R,300000,0,250000,Mt_alangulam
,MTL R,JagalurMTL R,300000,0,250000,Jagalur
Triveniganj,MTL,TriveniganjMTL,200000,0,175000,
Andipatti,IGL 2,AndipattiIGL 2,300000,3000,250000,
Manamadurai,IGL 1,ManamaduraiIGL 1,250000,3000,225000,
Raxaul,CTL,RaxaulCTL,250000,5000,250000,
Nagapattinam,MTL R,NagapattinamMTL R,300000,0,250000,
Dharapuram,CTL,DharapuramCTL,300000,5000,300000,
Sonbarsa,MTL R,SonbarsaMTL R,250000,0,200000,
Bemetara,MTL R,BemetaraMTL R,250000,0,200000,
Kotpad,CTL,KotpadCTL,250000,5000,250000,
Mahoba,MTL,MahobaMTL,200000,0,175000,
Garhwa,CTL,GarhwaCTL,250000,5000,250000,
Sethur,MTL R,SethurMTL R,300000,0,250000,
Kalanwali,IGL 2,KalanwaliIGL 2,250000,3000,200000,
Viluppuram,MTL R,ViluppuramMTL R,300000,0,250000,
Kochadai,MTL R,KochadaiMTL R,300000,0,250000,
Ramanathapuram,MTL R,RamanathapuramMTL R,300000,0,250000,
Balangir,MTL R,BalangirMTL R,250000,0,200000,
Batlagundu,MTL R,BatlagunduMTL R,300000,0,250000,
Theni,MTL R,TheniMTL R,300000,0,250000,
Nanpara,MTL,NanparaMTL,200000,0,175000,
Thondi,IGL 1,ThondiIGL 1,250000,3000,225000,
Shorapur,CTL,ShorapurCTL,300000,5000,300000,
Narimedu,IGL 1,NarimeduIGL 1,250000,3000,225000,
Vilathikulam,MTL R,VilathikulamMTL R,300000,0,250000,
Kodala,MTL R,KodalaMTL R,250000,0,200000,
Dhule,CTL,DhuleCTL,250000,5000,250000,
Bhanjanagar,CTL,BhanjanagarCTL,250000,5000,250000,
Mayiladuthurai,CTL,MayiladuthuraiCTL,300000,5000,300000,
Alangudi,MTL R,AlangudiMTL R,300000,0,250000,
Hospet,CTL,HospetCTL,300000,5000,300000,
Deori,CTL,DeoriCTL,250000,5000,250000,
Rameshwaram,CTL,RameshwaramCTL,300000,5000,300000,
Rona,CTL,RonaCTL,300000,5000,300000,
Barhi,CTL,BarhiCTL,250000,5000,250000,
Mahnar,CTL,MahnarCTL,250000,5000,250000,
Koppal,CTL,KoppalCTL,300000,5000,300000,
Ambasamudram,MTL R,AmbasamudramMTL R,300000,0,250000,
Gangapur,CTL,GangapurCTL,250000,5000,250000,
Kanti,CTL,KantiCTL,250000,5000,250000,
Gariaband,CTL,GariabandCTL,250000,5000,250000,
Belagavi,CTL,BelagaviCTL,300000,5000,300000,
Bagalkote,CTL,BagalkoteCTL,300000,5000,300000,
Lalitpur,MTL,LalitpurMTL,200000,0,175000,
Marhaura,MTL R,MarhauraMTL R,250000,0,200000,
Champa,CTL,ChampaCTL,250000,5000,250000,
Bah,IGL 2,BahIGL 2,250000,3000,200000,
Rajnandgaon,CTL,RajnandgaonCTL,250000,5000,250000,
Kadaladi,CTL,KadaladiCTL,300000,5000,300000,
Ayodhya,MTL R,AyodhyaMTL R,250000,0,200000,
Bashkhari,MTL,BashkhariMTL,200000,0,175000,
Runnisaidpur,MTL,RunnisaidpurMTL,200000,0,175000,
Hisar,MTL R,HisarMTL R,250000,0,200000,
Omerga,CTL,OmergaCTL,250000,5000,250000,
Baihar,CTL,BaiharCTL,250000,5000,250000,
Haveri,CTL,HaveriCTL,300000,5000,300000,
Banaso,CTL,BanasoCTL,250000,5000,250000,
Kamakhyanagar,CTL,KamakhyanagarCTL,250000,5000,250000,
Chittaguppa,CTL,ChittaguppaCTL,300000,5000,300000,
Thiruthuraipoondi,CTL,ThiruthuraipoondiCTL,300000,5000,300000,
Saharsa,CTL,SaharsaCTL,250000,5000,250000,
Paramakudi,MTL R,ParamakudiMTL R,300000,0,250000,
Tamkuhiraj,CTL,TamkuhirajCTL,250000,5000,250000,
Chandi,CTL,ChandiCTL,250000,5000,250000,
Badnapur,CTL,BadnapurCTL,250000,5000,250000,
Jamua,CTL,JamuaCTL,250000,5000,250000,
Chatra,CTL,ChatraCTL,250000,5000,250000,
Talbehat,MTL,TalbehatMTL,200000,0,175000,
Moth,MTL R,MothMTL R,250000,0,200000,
Moth,MTL,MothMTL,200000,0,175000,
Japla,CTL,JaplaCTL,250000,5000,250000,
